{
    "data_association_metrics": {
        "2D_track_lengths": {
            "summary": {
                "min": 2,
                "max": 15,
                "median": 4.0,
                "mean": 5.326355611601513,
                "stddev": 3.2344962766369387,
                "histogram": {
                    "2": 682,
                    "3": 527,
                    "4": 402,
                    "5": 340,
                    "6": 268,
                    "7": 209,
                    "8": 194,
                    "9": 143,
                    "10": 115,
                    "11": 82,
                    "12": 68,
                    "13": 47,
                    "14": 48
                }
            }
        },
        "accepted_tracks_ratio": 0.37326607818411095,
        "track_cheirality_failure_ratio": 0.04943253467843632,
        "num_accepted_tracks": 1480,
        "3d_tracks_length": {
            "summary": {
                "min": 2,
                "max": 5,
                "median": 2.0,
                "mean": 2.268918918918919,
                "stddev": 0.5396259153904615,
                "histogram": {
                    "2": 291,
                    "3": 37,
                    "4": 11
                }
            }
        },
        "accepted_track_avg_errors_px": {
            "summary": {
                "min": 0.23918527038116233,
                "max": 614.0257655799708,
                "median": 61.9796975911262,
                "mean": 156.79224315234526,
                "stddev": 168.15340831304138,
                "quartiles": {
                    "q0": 0.23918527038116233,
                    "q1": 15.53116193599291,
                    "q2": 61.9796975911262,
                    "q3": 302.09363436473575,
                    "q4": 614.0257655799708
                }
            }
        },
        "rejected_track_avg_errors_px": {
            "summary": {
                "min": 86.77641296386719,
                "max": 852.4295043945312,
                "median": 361.2149963378906,
                "mean": 393.3442077636719,
                "stddev": 148.49539184570312,
                "quartiles": {
                    "q0": 86.77641296386719,
                    "q1": 298.46014404296875,
                    "q2": 361.2149963378906,
                    "q3": 527.7523803710938,
                    "q4": 852.4295043945312
                }
            }
        },
        "number_cameras": 15
    }
}