{
    "data_association_metrics": {
        "2D_track_lengths": {
            "summary": {
                "min": 2,
                "max": 12,
                "median": 6.0,
                "mean": 6.435989256938227,
                "stddev": 3.867316689294389,
                "len": 6702,
                "invalid": 0,
                "histogram": {
                    "2": 827,
                    "3": 590,
                    "4": 414,
                    "5": 355,
                    "6": 351,
                    "7": 327,
                    "8": 278,
                    "9": 332,
                    "10": 368,
                    "11": 1343
                }
            }
        },
        "accepted_tracks_ratio": 0.9997015595436096,
        "track_cheirality_failure_ratio": 0.0,
        "num_accepted_tracks": 6700.0,
        "3d_tracks_length": {
            "summary": {
                "min": 2,
                "max": 12,
                "median": 5.0,
                "mean": 6.4265671641791045,
                "stddev": 3.868527257369574,
                "len": 6700,
                "invalid": 0,
                "histogram": {
                    "2": 828,
                    "3": 595,
                    "4": 411,
                    "5": 356,
                    "6": 348,
                    "7": 326,
                    "8": 278,
                    "9": 326,
                    "10": 367,
                    "11": 1343
                }
            }
        },
        "accepted_track_avg_errors_px": {
            "summary": {
                "min": 1.8621514755068347e-05,
                "max": 5.800441741943359,
                "median": 0.5609172582626343,
                "mean": 0.6080405116081238,
                "stddev": 0.42190587520599365,
                "len": 6700,
                "invalid": 0,
                "quartiles": {
                    "q0": 1.8621514755068347e-05,
                    "q1": 0.3700629100203514,
                    "q2": 0.5609172582626343,
                    "q3": 0.7508590072393417,
                    "q4": 5.800441741943359
                }
            }
        },
        "rejected_track_avg_errors_px": {
            "summary": {
                "min": 4.793174743652344,
                "max": 4.951674938201904,
                "median": 4.872425079345703,
                "mean": 4.872425079345703,
                "stddev": 0.07925009727478027,
                "len": 2,
                "invalid": 0,
                "quartiles": {
                    "q0": 4.793174743652344,
                    "q1": 4.832799792289734,
                    "q2": 4.872424840927124,
                    "q3": 4.912049889564514,
                    "q4": 4.951674938201904
                }
            }
        },
        "number_cameras": 12.0,
        "#tracks triangulated with GT cams: SUCCESS, computed cams: SUCCESS": 6503.0,
        "#tracks triangulated with GT cams: EXCEEDS_REPROJ_THRESH, computed cams: SUCCESS": 197.0,
        "#tracks triangulated with GT cams: EXCEEDS_REPROJ_THRESH, computed cams: EXCEEDS_REPROJ_THRESH": 2.0
    }
}