[
    {
        "i1": 0,
        "i2": 1,
        "i1_filename": "00000000.png",
        "i2_filename": "00000001.png",
        "rotation_angular_error": 1.78,
        "translation_angular_error": 2.59,
        "num_inliers_gt_model": 1581,
        "inlier_ratio_gt_model": 1.0,
        "inlier_ratio_est_model": 0.94,
        "num_inliers_est_model": 1582
    },
    {
        "i1": 0,
        "i2": 2,
        "i1_filename": "00000000.png",
        "i2_filename": "00000002.png",
        "rotation_angular_error": 3.05,
        "translation_angular_error": 1.54,
        "num_inliers_gt_model": 1367,
        "inlier_ratio_gt_model": 1.0,
        "inlier_ratio_est_model": 0.96,
        "num_inliers_est_model": 1367
    },
    {
        "i1": 0,
        "i2": 3,
        "i1_filename": "00000000.png",
        "i2_filename": "00000003.png",
        "rotation_angular_error": 3.85,
        "translation_angular_error": 1.68,
        "num_inliers_gt_model": 1151,
        "inlier_ratio_gt_model": 1.0,
        "inlier_ratio_est_model": 0.91,
        "num_inliers_est_model": 1151
    },
    {
        "i1": 0,
        "i2": 4,
        "i1_filename": "00000000.png",
        "i2_filename": "00000004.png",
        "rotation_angular_error": 1.24,
        "translation_angular_error": 0.75,
        "num_inliers_gt_model": 1029,
        "inlier_ratio_gt_model": 1.0,
        "inlier_ratio_est_model": 0.96,
        "num_inliers_est_model": 1029
    },
    {
        "i1": 0,
        "i2": 5,
        "i1_filename": "00000000.png",
        "i2_filename": "00000005.png",
        "rotation_angular_error": 5.64,
        "translation_angular_error": 3.31,
        "num_inliers_gt_model": 828,
        "inlier_ratio_gt_model": 1.0,
        "inlier_ratio_est_model": 0.9,
        "num_inliers_est_model": 828
    },
    {
        "i1": 0,
        "i2": 6,
        "i1_filename": "00000000.png",
        "i2_filename": "00000006.png",
        "rotation_angular_error": 11.57,
        "translation_angular_error": 6.25,
        "num_inliers_gt_model": 667,
        "inlier_ratio_gt_model": 1.0,
        "inlier_ratio_est_model": 0.85,
        "num_inliers_est_model": 669
    },
    {
        "i1": 0,
        "i2": 7,
        "i1_filename": "00000000.png",
        "i2_filename": "00000007.png",
        "rotation_angular_error": 3.97,
        "translation_angular_error": 2.27,
        "num_inliers_gt_model": 584,
        "inlier_ratio_gt_model": 1.0,
        "inlier_ratio_est_model": 0.84,
        "num_inliers_est_model": 586
    },
    {
        "i1": 0,
        "i2": 8,
        "i1_filename": "00000000.png",
        "i2_filename": "00000008.png",
        "rotation_angular_error": 15.69,
        "translation_angular_error": 8.21,
        "num_inliers_gt_model": 459,
        "inlier_ratio_gt_model": 1.0,
        "inlier_ratio_est_model": 0.78,
        "num_inliers_est_model": 459
    },
    {
        "i1": 0,
        "i2": 9,
        "i1_filename": "00000000.png",
        "i2_filename": "00000009.png",
        "rotation_angular_error": 7.86,
        "translation_angular_error": 4.29,
        "num_inliers_gt_model": 390,
        "inlier_ratio_gt_model": 0.99,
        "inlier_ratio_est_model": 0.79,
        "num_inliers_est_model": 394
    },
    {
        "i1": 0,
        "i2": 10,
        "i1_filename": "00000000.png",
        "i2_filename": "00000010.png",
        "rotation_angular_error": 32.42,
        "translation_angular_error": 15.8,
        "num_inliers_gt_model": 185,
        "inlier_ratio_gt_model": 0.97,
        "inlier_ratio_est_model": 0.58,
        "num_inliers_est_model": 191
    },
    {
        "i1": 0,
        "i2": 11,
        "i1_filename": "00000000.png",
        "i2_filename": "00000011.png",
        "rotation_angular_error": null,
        "translation_angular_error": null,
        "num_inliers_gt_model": 1,
        "inlier_ratio_gt_model": 0.2,
        "inlier_ratio_est_model": 0.71,
        "num_inliers_est_model": 5
    },
    {
        "i1": 0,
        "i2": 12,
        "i1_filename": "00000000.png",
        "i2_filename": "00000012.png",
        "rotation_angular_error": null,
        "translation_angular_error": null,
        "num_inliers_gt_model": null,
        "inlier_ratio_gt_model": null,
        "inlier_ratio_est_model": 0.55,
        "num_inliers_est_model": 6
    },
    {
        "i1": 0,
        "i2": 13,
        "i1_filename": "00000000.png",
        "i2_filename": "00000013.png",
        "rotation_angular_error": null,
        "translation_angular_error": null,
        "num_inliers_gt_model": 1,
        "inlier_ratio_gt_model": 0.11,
        "inlier_ratio_est_model": 0.64,
        "num_inliers_est_model": 9
    },
    {
        "i1": 0,
        "i2": 14,
        "i1_filename": "00000000.png",
        "i2_filename": "00000014.png",
        "rotation_angular_error": null,
        "translation_angular_error": null,
        "num_inliers_gt_model": 2,
        "inlier_ratio_gt_model": 0.2,
        "inlier_ratio_est_model": 0.71,
        "num_inliers_est_model": 10
    },
    {
        "i1": 1,
        "i2": 2,
        "i1_filename": "00000001.png",
        "i2_filename": "00000002.png",
        "rotation_angular_error": 6.02,
        "translation_angular_error": 57.47,
        "num_inliers_gt_model": 1410,
        "inlier_ratio_gt_model": 1.0,
        "inlier_ratio_est_model": 0.89,
        "num_inliers_est_model": 1410
    },
    {
        "i1": 1,
        "i2": 3,
        "i1_filename": "00000001.png",
        "i2_filename": "00000003.png",
        "rotation_angular_error": 11.9,
        "translation_angular_error": 43.53,
        "num_inliers_gt_model": 1256,
        "inlier_ratio_gt_model": 1.0,
        "inlier_ratio_est_model": 0.9,
        "num_inliers_est_model": 1261
    },
    {
        "i1": 1,
        "i2": 4,
        "i1_filename": "00000001.png",
        "i2_filename": "00000004.png",
        "rotation_angular_error": 1.48,
        "translation_angular_error": 1.96,
        "num_inliers_gt_model": 1147,
        "inlier_ratio_gt_model": 1.0,
        "inlier_ratio_est_model": 0.94,
        "num_inliers_est_model": 1147
    },
    {
        "i1": 1,
        "i2": 5,
        "i1_filename": "00000001.png",
        "i2_filename": "00000005.png",
        "rotation_angular_error": 0.61,
        "translation_angular_error": 0.81,
        "num_inliers_gt_model": 956,
        "inlier_ratio_gt_model": 1.0,
        "inlier_ratio_est_model": 0.93,
        "num_inliers_est_model": 956
    },
    {
        "i1": 1,
        "i2": 6,
        "i1_filename": "00000001.png",
        "i2_filename": "00000006.png",
        "rotation_angular_error": 10.75,
        "translation_angular_error": 6.13,
        "num_inliers_gt_model": 779,
        "inlier_ratio_gt_model": 1.0,
        "inlier_ratio_est_model": 0.87,
        "num_inliers_est_model": 779
    },
    {
        "i1": 1,
        "i2": 7,
        "i1_filename": "00000001.png",
        "i2_filename": "00000007.png",
        "rotation_angular_error": 11.48,
        "translation_angular_error": 5.67,
        "num_inliers_gt_model": 663,
        "inlier_ratio_gt_model": 1.0,
        "inlier_ratio_est_model": 0.84,
        "num_inliers_est_model": 666
    },
    {
        "i1": 1,
        "i2": 8,
        "i1_filename": "00000001.png",
        "i2_filename": "00000008.png",
        "rotation_angular_error": 5.85,
        "translation_angular_error": 3.1,
        "num_inliers_gt_model": 585,
        "inlier_ratio_gt_model": 1.0,
        "inlier_ratio_est_model": 0.89,
        "num_inliers_est_model": 587
    },
    {
        "i1": 1,
        "i2": 9,
        "i1_filename": "00000001.png",
        "i2_filename": "00000009.png",
        "rotation_angular_error": 6.98,
        "translation_angular_error": 3.47,
        "num_inliers_gt_model": 469,
        "inlier_ratio_gt_model": 1.0,
        "inlier_ratio_est_model": 0.83,
        "num_inliers_est_model": 469
    },
    {
        "i1": 1,
        "i2": 10,
        "i1_filename": "00000001.png",
        "i2_filename": "00000010.png",
        "rotation_angular_error": 4.99,
        "translation_angular_error": 2.91,
        "num_inliers_gt_model": 339,
        "inlier_ratio_gt_model": 1.0,
        "inlier_ratio_est_model": 0.75,
        "num_inliers_est_model": 339
    },
    {
        "i1": 1,
        "i2": 11,
        "i1_filename": "00000001.png",
        "i2_filename": "00000011.png",
        "rotation_angular_error": 1.23,
        "translation_angular_error": 0.61,
        "num_inliers_gt_model": 232,
        "inlier_ratio_gt_model": 1.0,
        "inlier_ratio_est_model": 0.67,
        "num_inliers_est_model": 232
    },
    {
        "i1": 1,
        "i2": 12,
        "i1_filename": "00000001.png",
        "i2_filename": "00000012.png",
        "rotation_angular_error": null,
        "translation_angular_error": null,
        "num_inliers_gt_model": 3,
        "inlier_ratio_gt_model": 0.33,
        "inlier_ratio_est_model": 0.69,
        "num_inliers_est_model": 9
    },
    {
        "i1": 1,
        "i2": 13,
        "i1_filename": "00000001.png",
        "i2_filename": "00000013.png",
        "rotation_angular_error": null,
        "translation_angular_error": null,
        "num_inliers_gt_model": null,
        "inlier_ratio_gt_model": null,
        "inlier_ratio_est_model": 0.7,
        "num_inliers_est_model": 7
    },
    {
        "i1": 1,
        "i2": 14,
        "i1_filename": "00000001.png",
        "i2_filename": "00000014.png",
        "rotation_angular_error": null,
        "translation_angular_error": null,
        "num_inliers_gt_model": 1,
        "inlier_ratio_gt_model": 0.12,
        "inlier_ratio_est_model": 0.47,
        "num_inliers_est_model": 8
    },
    {
        "i1": 2,
        "i2": 3,
        "i1_filename": "00000002.png",
        "i2_filename": "00000003.png",
        "rotation_angular_error": 4.45,
        "translation_angular_error": 2.74,
        "num_inliers_gt_model": 1537,
        "inlier_ratio_gt_model": 1.0,
        "inlier_ratio_est_model": 0.97,
        "num_inliers_est_model": 1537
    },
    {
        "i1": 2,
        "i2": 4,
        "i1_filename": "00000002.png",
        "i2_filename": "00000004.png",
        "rotation_angular_error": 2.66,
        "translation_angular_error": 3.26,
        "num_inliers_gt_model": 1262,
        "inlier_ratio_gt_model": 1.0,
        "inlier_ratio_est_model": 0.93,
        "num_inliers_est_model": 1265
    },
    {
        "i1": 2,
        "i2": 5,
        "i1_filename": "00000002.png",
        "i2_filename": "00000005.png",
        "rotation_angular_error": 0.46,
        "translation_angular_error": 0.57,
        "num_inliers_gt_model": 1136,
        "inlier_ratio_gt_model": 1.0,
        "inlier_ratio_est_model": 0.97,
        "num_inliers_est_model": 1136
    },
    {
        "i1": 2,
        "i2": 6,
        "i1_filename": "00000002.png",
        "i2_filename": "00000006.png",
        "rotation_angular_error": 0.42,
        "translation_angular_error": 1.04,
        "num_inliers_gt_model": 880,
        "inlier_ratio_gt_model": 0.99,
        "inlier_ratio_est_model": 0.87,
        "num_inliers_est_model": 885
    },
    {
        "i1": 2,
        "i2": 7,
        "i1_filename": "00000002.png",
        "i2_filename": "00000007.png",
        "rotation_angular_error": 1.95,
        "translation_angular_error": 1.04,
        "num_inliers_gt_model": 821,
        "inlier_ratio_gt_model": 1.0,
        "inlier_ratio_est_model": 0.93,
        "num_inliers_est_model": 821
    },
    {
        "i1": 2,
        "i2": 8,
        "i1_filename": "00000002.png",
        "i2_filename": "00000008.png",
        "rotation_angular_error": 3.86,
        "translation_angular_error": 1.9,
        "num_inliers_gt_model": 705,
        "inlier_ratio_gt_model": 1.0,
        "inlier_ratio_est_model": 0.93,
        "num_inliers_est_model": 705
    },
    {
        "i1": 2,
        "i2": 9,
        "i1_filename": "00000002.png",
        "i2_filename": "00000009.png",
        "rotation_angular_error": 8.04,
        "translation_angular_error": 3.96,
        "num_inliers_gt_model": 527,
        "inlier_ratio_gt_model": 0.99,
        "inlier_ratio_est_model": 0.83,
        "num_inliers_est_model": 530
    },
    {
        "i1": 2,
        "i2": 10,
        "i1_filename": "00000002.png",
        "i2_filename": "00000010.png",
        "rotation_angular_error": 15.48,
        "translation_angular_error": 7.84,
        "num_inliers_gt_model": 382,
        "inlier_ratio_gt_model": 0.99,
        "inlier_ratio_est_model": 0.74,
        "num_inliers_est_model": 385
    },
    {
        "i1": 2,
        "i2": 11,
        "i1_filename": "00000002.png",
        "i2_filename": "00000011.png",
        "rotation_angular_error": 4.44,
        "translation_angular_error": 2.38,
        "num_inliers_gt_model": 318,
        "inlier_ratio_gt_model": 0.98,
        "inlier_ratio_est_model": 0.78,
        "num_inliers_est_model": 325
    },
    {
        "i1": 2,
        "i2": 12,
        "i1_filename": "00000002.png",
        "i2_filename": "00000012.png",
        "rotation_angular_error": 0.53,
        "translation_angular_error": 0.54,
        "num_inliers_gt_model": 190,
        "inlier_ratio_gt_model": 0.99,
        "inlier_ratio_est_model": 0.63,
        "num_inliers_est_model": 192
    },
    {
        "i1": 2,
        "i2": 13,
        "i1_filename": "00000002.png",
        "i2_filename": "00000013.png",
        "rotation_angular_error": null,
        "translation_angular_error": null,
        "num_inliers_gt_model": 3,
        "inlier_ratio_gt_model": 0.43,
        "inlier_ratio_est_model": 0.47,
        "num_inliers_est_model": 7
    },
    {
        "i1": 2,
        "i2": 14,
        "i1_filename": "00000002.png",
        "i2_filename": "00000014.png",
        "rotation_angular_error": null,
        "translation_angular_error": null,
        "num_inliers_gt_model": null,
        "inlier_ratio_gt_model": null,
        "inlier_ratio_est_model": 0.6,
        "num_inliers_est_model": 6
    },
    {
        "i1": 3,
        "i2": 4,
        "i1_filename": "00000003.png",
        "i2_filename": "00000004.png",
        "rotation_angular_error": 2.0,
        "translation_angular_error": 4.1,
        "num_inliers_gt_model": 1589,
        "inlier_ratio_gt_model": 1.0,
        "inlier_ratio_est_model": 0.98,
        "num_inliers_est_model": 1589
    },
    {
        "i1": 3,
        "i2": 5,
        "i1_filename": "00000003.png",
        "i2_filename": "00000005.png",
        "rotation_angular_error": 5.27,
        "translation_angular_error": 3.1,
        "num_inliers_gt_model": 1361,
        "inlier_ratio_gt_model": 1.0,
        "inlier_ratio_est_model": 0.98,
        "num_inliers_est_model": 1361
    },
    {
        "i1": 3,
        "i2": 6,
        "i1_filename": "00000003.png",
        "i2_filename": "00000006.png",
        "rotation_angular_error": 2.15,
        "translation_angular_error": 1.0,
        "num_inliers_gt_model": 1177,
        "inlier_ratio_gt_model": 1.0,
        "inlier_ratio_est_model": 0.97,
        "num_inliers_est_model": 1177
    },
    {
        "i1": 3,
        "i2": 7,
        "i1_filename": "00000003.png",
        "i2_filename": "00000007.png",
        "rotation_angular_error": 3.02,
        "translation_angular_error": 2.04,
        "num_inliers_gt_model": 957,
        "inlier_ratio_gt_model": 1.0,
        "inlier_ratio_est_model": 0.92,
        "num_inliers_est_model": 958
    },
    {
        "i1": 3,
        "i2": 8,
        "i1_filename": "00000003.png",
        "i2_filename": "00000008.png",
        "rotation_angular_error": 3.25,
        "translation_angular_error": 1.39,
        "num_inliers_gt_model": 835,
        "inlier_ratio_gt_model": 1.0,
        "inlier_ratio_est_model": 0.92,
        "num_inliers_est_model": 836
    },
    {
        "i1": 3,
        "i2": 9,
        "i1_filename": "00000003.png",
        "i2_filename": "00000009.png",
        "rotation_angular_error": 0.77,
        "translation_angular_error": 0.64,
        "num_inliers_gt_model": 678,
        "inlier_ratio_gt_model": 1.0,
        "inlier_ratio_est_model": 0.91,
        "num_inliers_est_model": 678
    },
    {
        "i1": 3,
        "i2": 10,
        "i1_filename": "00000003.png",
        "i2_filename": "00000010.png",
        "rotation_angular_error": 12.82,
        "translation_angular_error": 6.58,
        "num_inliers_gt_model": 518,
        "inlier_ratio_gt_model": 1.0,
        "inlier_ratio_est_model": 0.85,
        "num_inliers_est_model": 518
    },
    {
        "i1": 3,
        "i2": 11,
        "i1_filename": "00000003.png",
        "i2_filename": "00000011.png",
        "rotation_angular_error": 8.11,
        "translation_angular_error": 3.92,
        "num_inliers_gt_model": 400,
        "inlier_ratio_gt_model": 0.99,
        "inlier_ratio_est_model": 0.8,
        "num_inliers_est_model": 403
    },
    {
        "i1": 3,
        "i2": 12,
        "i1_filename": "00000003.png",
        "i2_filename": "00000012.png",
        "rotation_angular_error": 17.07,
        "translation_angular_error": 8.61,
        "num_inliers_gt_model": 332,
        "inlier_ratio_gt_model": 0.99,
        "inlier_ratio_est_model": 0.79,
        "num_inliers_est_model": 335
    },
    {
        "i1": 3,
        "i2": 13,
        "i1_filename": "00000003.png",
        "i2_filename": "00000013.png",
        "rotation_angular_error": 13.53,
        "translation_angular_error": 7.08,
        "num_inliers_gt_model": 208,
        "inlier_ratio_gt_model": 1.0,
        "inlier_ratio_est_model": 0.67,
        "num_inliers_est_model": 209
    },
    {
        "i1": 3,
        "i2": 14,
        "i1_filename": "00000003.png",
        "i2_filename": "00000014.png",
        "rotation_angular_error": 23.37,
        "translation_angular_error": 12.33,
        "num_inliers_gt_model": 13,
        "inlier_ratio_gt_model": 0.87,
        "inlier_ratio_est_model": 0.71,
        "num_inliers_est_model": 15
    },
    {
        "i1": 4,
        "i2": 5,
        "i1_filename": "00000004.png",
        "i2_filename": "00000005.png",
        "rotation_angular_error": 5.08,
        "translation_angular_error": 2.98,
        "num_inliers_gt_model": 1446,
        "inlier_ratio_gt_model": 1.0,
        "inlier_ratio_est_model": 0.91,
        "num_inliers_est_model": 1446
    },
    {
        "i1": 4,
        "i2": 6,
        "i1_filename": "00000004.png",
        "i2_filename": "00000006.png",
        "rotation_angular_error": 5.37,
        "translation_angular_error": 2.94,
        "num_inliers_gt_model": 1330,
        "inlier_ratio_gt_model": 1.0,
        "inlier_ratio_est_model": 0.95,
        "num_inliers_est_model": 1330
    },
    {
        "i1": 4,
        "i2": 7,
        "i1_filename": "00000004.png",
        "i2_filename": "00000007.png",
        "rotation_angular_error": 4.2,
        "translation_angular_error": 2.84,
        "num_inliers_gt_model": 1125,
        "inlier_ratio_gt_model": 1.0,
        "inlier_ratio_est_model": 0.93,
        "num_inliers_est_model": 1126
    },
    {
        "i1": 4,
        "i2": 8,
        "i1_filename": "00000004.png",
        "i2_filename": "00000008.png",
        "rotation_angular_error": 4.69,
        "translation_angular_error": 1.86,
        "num_inliers_gt_model": 849,
        "inlier_ratio_gt_model": 1.0,
        "inlier_ratio_est_model": 0.81,
        "num_inliers_est_model": 851
    },
    {
        "i1": 4,
        "i2": 9,
        "i1_filename": "00000004.png",
        "i2_filename": "00000009.png",
        "rotation_angular_error": 1.9,
        "translation_angular_error": 1.12,
        "num_inliers_gt_model": 826,
        "inlier_ratio_gt_model": 1.0,
        "inlier_ratio_est_model": 0.94,
        "num_inliers_est_model": 826
    },
    {
        "i1": 4,
        "i2": 10,
        "i1_filename": "00000004.png",
        "i2_filename": "00000010.png",
        "rotation_angular_error": 1.7,
        "translation_angular_error": 1.04,
        "num_inliers_gt_model": 673,
        "inlier_ratio_gt_model": 1.0,
        "inlier_ratio_est_model": 0.91,
        "num_inliers_est_model": 675
    },
    {
        "i1": 4,
        "i2": 11,
        "i1_filename": "00000004.png",
        "i2_filename": "00000011.png",
        "rotation_angular_error": 2.58,
        "translation_angular_error": 1.06,
        "num_inliers_gt_model": 517,
        "inlier_ratio_gt_model": 1.0,
        "inlier_ratio_est_model": 0.86,
        "num_inliers_est_model": 519
    },
    {
        "i1": 4,
        "i2": 12,
        "i1_filename": "00000004.png",
        "i2_filename": "00000012.png",
        "rotation_angular_error": 11.05,
        "translation_angular_error": 5.62,
        "num_inliers_gt_model": 438,
        "inlier_ratio_gt_model": 1.0,
        "inlier_ratio_est_model": 0.87,
        "num_inliers_est_model": 440
    },
    {
        "i1": 4,
        "i2": 13,
        "i1_filename": "00000004.png",
        "i2_filename": "00000013.png",
        "rotation_angular_error": 0.56,
        "translation_angular_error": 0.11,
        "num_inliers_gt_model": 308,
        "inlier_ratio_gt_model": 0.99,
        "inlier_ratio_est_model": 0.76,
        "num_inliers_est_model": 312
    },
    {
        "i1": 4,
        "i2": 14,
        "i1_filename": "00000004.png",
        "i2_filename": "00000014.png",
        "rotation_angular_error": 11.87,
        "translation_angular_error": 5.87,
        "num_inliers_gt_model": 107,
        "inlier_ratio_gt_model": 0.96,
        "inlier_ratio_est_model": 0.56,
        "num_inliers_est_model": 111
    },
    {
        "i1": 5,
        "i2": 6,
        "i1_filename": "00000005.png",
        "i2_filename": "00000006.png",
        "rotation_angular_error": 2.34,
        "translation_angular_error": 2.81,
        "num_inliers_gt_model": 1536,
        "inlier_ratio_gt_model": 1.0,
        "inlier_ratio_est_model": 0.97,
        "num_inliers_est_model": 1537
    },
    {
        "i1": 5,
        "i2": 7,
        "i1_filename": "00000005.png",
        "i2_filename": "00000007.png",
        "rotation_angular_error": 1.69,
        "translation_angular_error": 1.28,
        "num_inliers_gt_model": 1364,
        "inlier_ratio_gt_model": 1.0,
        "inlier_ratio_est_model": 0.98,
        "num_inliers_est_model": 1364
    },
    {
        "i1": 5,
        "i2": 8,
        "i1_filename": "00000005.png",
        "i2_filename": "00000008.png",
        "rotation_angular_error": 5.3,
        "translation_angular_error": 2.74,
        "num_inliers_gt_model": 1162,
        "inlier_ratio_gt_model": 1.0,
        "inlier_ratio_est_model": 0.97,
        "num_inliers_est_model": 1163
    },
    {
        "i1": 5,
        "i2": 9,
        "i1_filename": "00000005.png",
        "i2_filename": "00000009.png",
        "rotation_angular_error": 5.63,
        "translation_angular_error": 3.24,
        "num_inliers_gt_model": 916,
        "inlier_ratio_gt_model": 1.0,
        "inlier_ratio_est_model": 0.91,
        "num_inliers_est_model": 916
    },
    {
        "i1": 5,
        "i2": 10,
        "i1_filename": "00000005.png",
        "i2_filename": "00000010.png",
        "rotation_angular_error": 9.44,
        "translation_angular_error": 5.1,
        "num_inliers_gt_model": 724,
        "inlier_ratio_gt_model": 0.99,
        "inlier_ratio_est_model": 0.86,
        "num_inliers_est_model": 728
    },
    {
        "i1": 5,
        "i2": 11,
        "i1_filename": "00000005.png",
        "i2_filename": "00000011.png",
        "rotation_angular_error": 13.26,
        "translation_angular_error": 6.32,
        "num_inliers_gt_model": 561,
        "inlier_ratio_gt_model": 0.99,
        "inlier_ratio_est_model": 0.82,
        "num_inliers_est_model": 565
    },
    {
        "i1": 5,
        "i2": 12,
        "i1_filename": "00000005.png",
        "i2_filename": "00000012.png",
        "rotation_angular_error": 11.84,
        "translation_angular_error": 5.99,
        "num_inliers_gt_model": 465,
        "inlier_ratio_gt_model": 1.0,
        "inlier_ratio_est_model": 0.82,
        "num_inliers_est_model": 467
    },
    {
        "i1": 5,
        "i2": 13,
        "i1_filename": "00000005.png",
        "i2_filename": "00000013.png",
        "rotation_angular_error": 5.51,
        "translation_angular_error": 3.02,
        "num_inliers_gt_model": 390,
        "inlier_ratio_gt_model": 0.99,
        "inlier_ratio_est_model": 0.81,
        "num_inliers_est_model": 395
    },
    {
        "i1": 5,
        "i2": 14,
        "i1_filename": "00000005.png",
        "i2_filename": "00000014.png",
        "rotation_angular_error": 20.61,
        "translation_angular_error": 10.55,
        "num_inliers_gt_model": 267,
        "inlier_ratio_gt_model": 0.99,
        "inlier_ratio_est_model": 0.73,
        "num_inliers_est_model": 269
    },
    {
        "i1": 6,
        "i2": 7,
        "i1_filename": "00000006.png",
        "i2_filename": "00000007.png",
        "rotation_angular_error": 1.45,
        "translation_angular_error": 1.95,
        "num_inliers_gt_model": 1559,
        "inlier_ratio_gt_model": 1.0,
        "inlier_ratio_est_model": 0.99,
        "num_inliers_est_model": 1559
    },
    {
        "i1": 6,
        "i2": 8,
        "i1_filename": "00000006.png",
        "i2_filename": "00000008.png",
        "rotation_angular_error": 5.07,
        "translation_angular_error": 2.35,
        "num_inliers_gt_model": 1333,
        "inlier_ratio_gt_model": 1.0,
        "inlier_ratio_est_model": 0.96,
        "num_inliers_est_model": 1333
    },
    {
        "i1": 6,
        "i2": 9,
        "i1_filename": "00000006.png",
        "i2_filename": "00000009.png",
        "rotation_angular_error": 5.55,
        "translation_angular_error": 3.16,
        "num_inliers_gt_model": 1098,
        "inlier_ratio_gt_model": 1.0,
        "inlier_ratio_est_model": 0.95,
        "num_inliers_est_model": 1098
    },
    {
        "i1": 6,
        "i2": 10,
        "i1_filename": "00000006.png",
        "i2_filename": "00000010.png",
        "rotation_angular_error": 2.86,
        "translation_angular_error": 1.22,
        "num_inliers_gt_model": 882,
        "inlier_ratio_gt_model": 1.0,
        "inlier_ratio_est_model": 0.9,
        "num_inliers_est_model": 882
    },
    {
        "i1": 6,
        "i2": 11,
        "i1_filename": "00000006.png",
        "i2_filename": "00000011.png",
        "rotation_angular_error": 10.29,
        "translation_angular_error": 5.23,
        "num_inliers_gt_model": 717,
        "inlier_ratio_gt_model": 1.0,
        "inlier_ratio_est_model": 0.89,
        "num_inliers_est_model": 718
    },
    {
        "i1": 6,
        "i2": 12,
        "i1_filename": "00000006.png",
        "i2_filename": "00000012.png",
        "rotation_angular_error": 6.59,
        "translation_angular_error": 3.37,
        "num_inliers_gt_model": 612,
        "inlier_ratio_gt_model": 1.0,
        "inlier_ratio_est_model": 0.91,
        "num_inliers_est_model": 613
    },
    {
        "i1": 6,
        "i2": 13,
        "i1_filename": "00000006.png",
        "i2_filename": "00000013.png",
        "rotation_angular_error": 1.28,
        "translation_angular_error": 0.63,
        "num_inliers_gt_model": 495,
        "inlier_ratio_gt_model": 1.0,
        "inlier_ratio_est_model": 0.89,
        "num_inliers_est_model": 495
    },
    {
        "i1": 6,
        "i2": 14,
        "i1_filename": "00000006.png",
        "i2_filename": "00000014.png",
        "rotation_angular_error": 7.3,
        "translation_angular_error": 3.58,
        "num_inliers_gt_model": 388,
        "inlier_ratio_gt_model": 1.0,
        "inlier_ratio_est_model": 0.85,
        "num_inliers_est_model": 388
    },
    {
        "i1": 7,
        "i2": 8,
        "i1_filename": "00000007.png",
        "i2_filename": "00000008.png",
        "rotation_angular_error": 4.48,
        "translation_angular_error": 7.57,
        "num_inliers_gt_model": 1554,
        "inlier_ratio_gt_model": 1.0,
        "inlier_ratio_est_model": 0.98,
        "num_inliers_est_model": 1554
    },
    {
        "i1": 7,
        "i2": 9,
        "i1_filename": "00000007.png",
        "i2_filename": "00000009.png",
        "rotation_angular_error": 2.68,
        "translation_angular_error": 1.25,
        "num_inliers_gt_model": 1322,
        "inlier_ratio_gt_model": 1.0,
        "inlier_ratio_est_model": 0.98,
        "num_inliers_est_model": 1322
    },
    {
        "i1": 7,
        "i2": 10,
        "i1_filename": "00000007.png",
        "i2_filename": "00000010.png",
        "rotation_angular_error": 7.89,
        "translation_angular_error": 3.83,
        "num_inliers_gt_model": 1013,
        "inlier_ratio_gt_model": 1.0,
        "inlier_ratio_est_model": 0.9,
        "num_inliers_est_model": 1013
    },
    {
        "i1": 7,
        "i2": 11,
        "i1_filename": "00000007.png",
        "i2_filename": "00000011.png",
        "rotation_angular_error": 6.7,
        "translation_angular_error": 3.83,
        "num_inliers_gt_model": 871,
        "inlier_ratio_gt_model": 1.0,
        "inlier_ratio_est_model": 0.93,
        "num_inliers_est_model": 873
    },
    {
        "i1": 7,
        "i2": 12,
        "i1_filename": "00000007.png",
        "i2_filename": "00000012.png",
        "rotation_angular_error": 2.32,
        "translation_angular_error": 1.52,
        "num_inliers_gt_model": 710,
        "inlier_ratio_gt_model": 1.0,
        "inlier_ratio_est_model": 0.91,
        "num_inliers_est_model": 713
    },
    {
        "i1": 7,
        "i2": 13,
        "i1_filename": "00000007.png",
        "i2_filename": "00000013.png",
        "rotation_angular_error": 10.42,
        "translation_angular_error": 5.48,
        "num_inliers_gt_model": 554,
        "inlier_ratio_gt_model": 0.99,
        "inlier_ratio_est_model": 0.85,
        "num_inliers_est_model": 557
    },
    {
        "i1": 7,
        "i2": 14,
        "i1_filename": "00000007.png",
        "i2_filename": "00000014.png",
        "rotation_angular_error": 3.95,
        "translation_angular_error": 2.43,
        "num_inliers_gt_model": 445,
        "inlier_ratio_gt_model": 1.0,
        "inlier_ratio_est_model": 0.8,
        "num_inliers_est_model": 446
    },
    {
        "i1": 8,
        "i2": 9,
        "i1_filename": "00000008.png",
        "i2_filename": "00000009.png",
        "rotation_angular_error": 5.42,
        "translation_angular_error": 3.89,
        "num_inliers_gt_model": 1480,
        "inlier_ratio_gt_model": 1.0,
        "inlier_ratio_est_model": 0.94,
        "num_inliers_est_model": 1480
    },
    {
        "i1": 8,
        "i2": 10,
        "i1_filename": "00000008.png",
        "i2_filename": "00000010.png",
        "rotation_angular_error": 5.47,
        "translation_angular_error": 2.94,
        "num_inliers_gt_model": 1248,
        "inlier_ratio_gt_model": 1.0,
        "inlier_ratio_est_model": 0.94,
        "num_inliers_est_model": 1248
    },
    {
        "i1": 8,
        "i2": 11,
        "i1_filename": "00000008.png",
        "i2_filename": "00000011.png",
        "rotation_angular_error": 3.14,
        "translation_angular_error": 1.38,
        "num_inliers_gt_model": 1057,
        "inlier_ratio_gt_model": 1.0,
        "inlier_ratio_est_model": 0.94,
        "num_inliers_est_model": 1057
    },
    {
        "i1": 8,
        "i2": 12,
        "i1_filename": "00000008.png",
        "i2_filename": "00000012.png",
        "rotation_angular_error": 6.04,
        "translation_angular_error": 2.99,
        "num_inliers_gt_model": 890,
        "inlier_ratio_gt_model": 1.0,
        "inlier_ratio_est_model": 0.94,
        "num_inliers_est_model": 890
    },
    {
        "i1": 8,
        "i2": 13,
        "i1_filename": "00000008.png",
        "i2_filename": "00000013.png",
        "rotation_angular_error": 3.61,
        "translation_angular_error": 2.14,
        "num_inliers_gt_model": 717,
        "inlier_ratio_gt_model": 1.0,
        "inlier_ratio_est_model": 0.9,
        "num_inliers_est_model": 717
    },
    {
        "i1": 8,
        "i2": 14,
        "i1_filename": "00000008.png",
        "i2_filename": "00000014.png",
        "rotation_angular_error": 3.38,
        "translation_angular_error": 2.13,
        "num_inliers_gt_model": 544,
        "inlier_ratio_gt_model": 0.99,
        "inlier_ratio_est_model": 0.83,
        "num_inliers_est_model": 548
    },
    {
        "i1": 9,
        "i2": 10,
        "i1_filename": "00000009.png",
        "i2_filename": "00000010.png",
        "rotation_angular_error": 179.9,
        "translation_angular_error": 110.67,
        "num_inliers_gt_model": 1454,
        "inlier_ratio_gt_model": 1.0,
        "inlier_ratio_est_model": 0.93,
        "num_inliers_est_model": 1455
    },
    {
        "i1": 9,
        "i2": 11,
        "i1_filename": "00000009.png",
        "i2_filename": "00000011.png",
        "rotation_angular_error": 4.68,
        "translation_angular_error": 2.95,
        "num_inliers_gt_model": 1243,
        "inlier_ratio_gt_model": 1.0,
        "inlier_ratio_est_model": 0.95,
        "num_inliers_est_model": 1243
    },
    {
        "i1": 9,
        "i2": 12,
        "i1_filename": "00000009.png",
        "i2_filename": "00000012.png",
        "rotation_angular_error": 2.65,
        "translation_angular_error": 0.9,
        "num_inliers_gt_model": 1021,
        "inlier_ratio_gt_model": 1.0,
        "inlier_ratio_est_model": 0.95,
        "num_inliers_est_model": 1021
    },
    {
        "i1": 9,
        "i2": 13,
        "i1_filename": "00000009.png",
        "i2_filename": "00000013.png",
        "rotation_angular_error": 6.56,
        "translation_angular_error": 3.16,
        "num_inliers_gt_model": 834,
        "inlier_ratio_gt_model": 1.0,
        "inlier_ratio_est_model": 0.93,
        "num_inliers_est_model": 835
    },
    {
        "i1": 9,
        "i2": 14,
        "i1_filename": "00000009.png",
        "i2_filename": "00000014.png",
        "rotation_angular_error": 6.2,
        "translation_angular_error": 3.43,
        "num_inliers_gt_model": 695,
        "inlier_ratio_gt_model": 1.0,
        "inlier_ratio_est_model": 0.92,
        "num_inliers_est_model": 697
    },
    {
        "i1": 10,
        "i2": 11,
        "i1_filename": "00000010.png",
        "i2_filename": "00000011.png",
        "rotation_angular_error": 6.64,
        "translation_angular_error": 5.31,
        "num_inliers_gt_model": 1310,
        "inlier_ratio_gt_model": 1.0,
        "inlier_ratio_est_model": 0.86,
        "num_inliers_est_model": 1310
    },
    {
        "i1": 10,
        "i2": 12,
        "i1_filename": "00000010.png",
        "i2_filename": "00000012.png",
        "rotation_angular_error": 0.48,
        "translation_angular_error": 0.97,
        "num_inliers_gt_model": 1207,
        "inlier_ratio_gt_model": 1.0,
        "inlier_ratio_est_model": 0.95,
        "num_inliers_est_model": 1207
    },
    {
        "i1": 10,
        "i2": 13,
        "i1_filename": "00000010.png",
        "i2_filename": "00000013.png",
        "rotation_angular_error": 2.65,
        "translation_angular_error": 0.96,
        "num_inliers_gt_model": 1037,
        "inlier_ratio_gt_model": 1.0,
        "inlier_ratio_est_model": 0.97,
        "num_inliers_est_model": 1037
    },
    {
        "i1": 10,
        "i2": 14,
        "i1_filename": "00000010.png",
        "i2_filename": "00000014.png",
        "rotation_angular_error": 8.37,
        "translation_angular_error": 3.98,
        "num_inliers_gt_model": 777,
        "inlier_ratio_gt_model": 1.0,
        "inlier_ratio_est_model": 0.86,
        "num_inliers_est_model": 777
    },
    {
        "i1": 11,
        "i2": 12,
        "i1_filename": "00000011.png",
        "i2_filename": "00000012.png",
        "rotation_angular_error": 0.05,
        "translation_angular_error": 1.2,
        "num_inliers_gt_model": 1466,
        "inlier_ratio_gt_model": 1.0,
        "inlier_ratio_est_model": 0.99,
        "num_inliers_est_model": 1466
    },
    {
        "i1": 11,
        "i2": 13,
        "i1_filename": "00000011.png",
        "i2_filename": "00000013.png",
        "rotation_angular_error": 3.1,
        "translation_angular_error": 2.76,
        "num_inliers_gt_model": 1189,
        "inlier_ratio_gt_model": 1.0,
        "inlier_ratio_est_model": 0.95,
        "num_inliers_est_model": 1190
    },
    {
        "i1": 11,
        "i2": 14,
        "i1_filename": "00000011.png",
        "i2_filename": "00000014.png",
        "rotation_angular_error": 4.18,
        "translation_angular_error": 2.01,
        "num_inliers_gt_model": 1010,
        "inlier_ratio_gt_model": 1.0,
        "inlier_ratio_est_model": 0.95,
        "num_inliers_est_model": 1011
    },
    {
        "i1": 12,
        "i2": 13,
        "i1_filename": "00000012.png",
        "i2_filename": "00000013.png",
        "rotation_angular_error": 2.58,
        "translation_angular_error": 2.18,
        "num_inliers_gt_model": 1416,
        "inlier_ratio_gt_model": 1.0,
        "inlier_ratio_est_model": 0.99,
        "num_inliers_est_model": 1416
    },
    {
        "i1": 12,
        "i2": 14,
        "i1_filename": "00000012.png",
        "i2_filename": "00000014.png",
        "rotation_angular_error": 7.11,
        "translation_angular_error": 2.97,
        "num_inliers_gt_model": 1163,
        "inlier_ratio_gt_model": 1.0,
        "inlier_ratio_est_model": 0.93,
        "num_inliers_est_model": 1163
    },
    {
        "i1": 13,
        "i2": 14,
        "i1_filename": "00000013.png",
        "i2_filename": "00000014.png",
        "rotation_angular_error": 5.79,
        "translation_angular_error": 131.44,
        "num_inliers_gt_model": 1342,
        "inlier_ratio_gt_model": 1.0,
        "inlier_ratio_est_model": 0.95,
        "num_inliers_est_model": 1342
    }
]