{
    "rotation_averaging_angle_deg": {
        "median_error": 3.02,
        "min_error": 0.29,
        "max_error": 3.99,
        "errors_list": [
            null,
            3.63,
            1.44,
            0.29,
            3.13,
            0.94,
            3.02,
            3.99
        ]
    },
    "translation_averaging_distance": {
        "median_error": 1.08,
        "min_error": 0.48,
        "max_error": 5.63,
        "errors_list": [
            null,
            5.63,
            0.6,
            0.48,
            1.08,
            2.16,
            2.66,
            0.53
        ]
    },
    "translation_to_direction_angle_deg": {
        "median_error": 2.18,
        "min_error": 0.0,
        "max_error": 169.22,
        "errors_list": [
            null,
            null,
            null,
            null,
            null,
            null,
            null,
            169.22,
            160.89,
            155.03,
            38.47,
            97.68,
            0.0,
            0.27,
            0.46,
            1.44,
            1.62,
            5.19,
            4.54,
            1.76,
            0.54,
            1.77,
            2.52,
            0.76,
            2.89,
            0.53,
            4.56,
            2.18
        ]
    }
}