{
    "rotation_averaging_metrics": {
        "num_rotations_computed": 12.0,
        "rotation_angle_error_deg": {
            "summary": {
                "min": 0.02103034220635891,
                "max": 0.16591231524944305,
                "median": 0.05149281024932861,
                "mean": 0.06763918697834015,
                "stddev": 0.04506191983819008,
                "len": 12,
                "invalid": 0,
                "quartiles": {
                    "q0": 0.02103034220635891,
                    "q1": 0.03171318490058184,
                    "q2": 0.05149281024932861,
                    "q3": 0.08569708839058876,
                    "q4": 0.16591231524944305
                }
            },
            "full_data": [
                0.16591231524944305,
                0.11533141881227493,
                0.02773122489452362,
                0.026203330606222153,
                0.04147138074040413,
                0.02103034220635891,
                0.0615142397582531,
                0.03304050490260124,
                0.1323062628507614,
                0.03988345339894295,
                0.0758189782500267,
                0.07142679393291473
            ]
        }
    }
}