[
    {
        "i1": 3,
        "i2": 4,
        "i1_filename": "DSC_0004.JPG",
        "i2_filename": "DSC_0005.JPG",
        "rotation_angular_error": 0.04,
        "translation_angular_error": 0.39,
        "num_inliers_gt_model": 2807,
        "inlier_ratio_gt_model": 1.0,
        "inlier_avg_reproj_error_gt_model": 0.14,
        "outlier_avg_reproj_error_gt_model": null,
        "inlier_ratio_est_model": 1.0,
        "num_inliers_est_model": 2807
    },
    {
        "i1": 4,
        "i2": 9,
        "i1_filename": "DSC_0005.JPG",
        "i2_filename": "DSC_0010.JPG",
        "rotation_angular_error": 0.09,
        "translation_angular_error": 0.1,
        "num_inliers_gt_model": 2306,
        "inlier_ratio_gt_model": 1.0,
        "inlier_avg_reproj_error_gt_model": 0.13,
        "outlier_avg_reproj_error_gt_model": null,
        "inlier_ratio_est_model": 1.0,
        "num_inliers_est_model": 2306
    },
    {
        "i1": 3,
        "i2": 7,
        "i1_filename": "DSC_0004.JPG",
        "i2_filename": "DSC_0008.JPG",
        "rotation_angular_error": 0.05,
        "translation_angular_error": 0.13,
        "num_inliers_gt_model": 2101,
        "inlier_ratio_gt_model": 1.0,
        "inlier_avg_reproj_error_gt_model": 0.16,
        "outlier_avg_reproj_error_gt_model": null,
        "inlier_ratio_est_model": 1.0,
        "num_inliers_est_model": 2101
    },
    {
        "i1": 4,
        "i2": 6,
        "i1_filename": "DSC_0005.JPG",
        "i2_filename": "DSC_0007.JPG",
        "rotation_angular_error": 0.13,
        "translation_angular_error": 0.21,
        "num_inliers_gt_model": 2942,
        "inlier_ratio_gt_model": 1.0,
        "inlier_avg_reproj_error_gt_model": 0.13,
        "outlier_avg_reproj_error_gt_model": null,
        "inlier_ratio_est_model": 1.0,
        "num_inliers_est_model": 2942
    },
    {
        "i1": 3,
        "i2": 10,
        "i1_filename": "DSC_0004.JPG",
        "i2_filename": "DSC_0011.JPG",
        "rotation_angular_error": 0.05,
        "translation_angular_error": 0.1,
        "num_inliers_gt_model": 1704,
        "inlier_ratio_gt_model": 1.0,
        "inlier_avg_reproj_error_gt_model": 0.17,
        "outlier_avg_reproj_error_gt_model": null,
        "inlier_ratio_est_model": 1.0,
        "num_inliers_est_model": 1704
    },
    {
        "i1": 5,
        "i2": 7,
        "i1_filename": "DSC_0006.JPG",
        "i2_filename": "DSC_0008.JPG",
        "rotation_angular_error": 0.04,
        "translation_angular_error": 0.18,
        "num_inliers_gt_model": 2867,
        "inlier_ratio_gt_model": 1.0,
        "inlier_avg_reproj_error_gt_model": 0.13,
        "outlier_avg_reproj_error_gt_model": null,
        "inlier_ratio_est_model": 1.0,
        "num_inliers_est_model": 2867
    },
    {
        "i1": 5,
        "i2": 10,
        "i1_filename": "DSC_0006.JPG",
        "i2_filename": "DSC_0011.JPG",
        "rotation_angular_error": 0.1,
        "translation_angular_error": 0.22,
        "num_inliers_gt_model": 2351,
        "inlier_ratio_gt_model": 1.0,
        "inlier_avg_reproj_error_gt_model": 0.15,
        "outlier_avg_reproj_error_gt_model": null,
        "inlier_ratio_est_model": 1.0,
        "num_inliers_est_model": 2351
    },
    {
        "i1": 0,
        "i2": 2,
        "i1_filename": "DSC_0001.JPG",
        "i2_filename": "DSC_0003.JPG",
        "rotation_angular_error": 0.12,
        "translation_angular_error": 0.25,
        "num_inliers_gt_model": 2576,
        "inlier_ratio_gt_model": 1.0,
        "inlier_avg_reproj_error_gt_model": 0.15,
        "outlier_avg_reproj_error_gt_model": null,
        "inlier_ratio_est_model": 1.0,
        "num_inliers_est_model": 2576
    },
    {
        "i1": 8,
        "i2": 9,
        "i1_filename": "DSC_0009.JPG",
        "i2_filename": "DSC_0010.JPG",
        "rotation_angular_error": 0.07,
        "translation_angular_error": 0.32,
        "num_inliers_gt_model": 3084,
        "inlier_ratio_gt_model": 1.0,
        "inlier_avg_reproj_error_gt_model": 0.12,
        "outlier_avg_reproj_error_gt_model": null,
        "inlier_ratio_est_model": 1.0,
        "num_inliers_est_model": 3084
    },
    {
        "i1": 0,
        "i2": 5,
        "i1_filename": "DSC_0001.JPG",
        "i2_filename": "DSC_0006.JPG",
        "rotation_angular_error": 0.21,
        "translation_angular_error": 0.16,
        "num_inliers_gt_model": 2245,
        "inlier_ratio_gt_model": 1.0,
        "inlier_avg_reproj_error_gt_model": 0.16,
        "outlier_avg_reproj_error_gt_model": null,
        "inlier_ratio_est_model": 1.0,
        "num_inliers_est_model": 2245
    },
    {
        "i1": 9,
        "i2": 11,
        "i1_filename": "DSC_0010.JPG",
        "i2_filename": "DSC_0012.JPG",
        "rotation_angular_error": 0.05,
        "translation_angular_error": 0.2,
        "num_inliers_gt_model": 2930,
        "inlier_ratio_gt_model": 1.0,
        "inlier_avg_reproj_error_gt_model": 0.12,
        "outlier_avg_reproj_error_gt_model": null,
        "inlier_ratio_est_model": 1.0,
        "num_inliers_est_model": 2930
    },
    {
        "i1": 1,
        "i2": 6,
        "i1_filename": "DSC_0002.JPG",
        "i2_filename": "DSC_0007.JPG",
        "rotation_angular_error": 0.18,
        "translation_angular_error": 0.15,
        "num_inliers_gt_model": 2296,
        "inlier_ratio_gt_model": 1.0,
        "inlier_avg_reproj_error_gt_model": 0.15,
        "outlier_avg_reproj_error_gt_model": null,
        "inlier_ratio_est_model": 1.0,
        "num_inliers_est_model": 2296
    },
    {
        "i1": 2,
        "i2": 5,
        "i1_filename": "DSC_0003.JPG",
        "i2_filename": "DSC_0006.JPG",
        "rotation_angular_error": 0.06,
        "translation_angular_error": 0.01,
        "num_inliers_gt_model": 2352,
        "inlier_ratio_gt_model": 1.0,
        "inlier_avg_reproj_error_gt_model": 0.15,
        "outlier_avg_reproj_error_gt_model": null,
        "inlier_ratio_est_model": 1.0,
        "num_inliers_est_model": 2352
    },
    {
        "i1": 2,
        "i2": 11,
        "i1_filename": "DSC_0003.JPG",
        "i2_filename": "DSC_0012.JPG",
        "rotation_angular_error": 0.07,
        "translation_angular_error": 0.12,
        "num_inliers_gt_model": 1415,
        "inlier_ratio_gt_model": 1.0,
        "inlier_avg_reproj_error_gt_model": 0.16,
        "outlier_avg_reproj_error_gt_model": null,
        "inlier_ratio_est_model": 1.0,
        "num_inliers_est_model": 1415
    },
    {
        "i1": 1,
        "i2": 3,
        "i1_filename": "DSC_0002.JPG",
        "i2_filename": "DSC_0004.JPG",
        "rotation_angular_error": 0.1,
        "translation_angular_error": 0.25,
        "num_inliers_gt_model": 2616,
        "inlier_ratio_gt_model": 1.0,
        "inlier_avg_reproj_error_gt_model": 0.15,
        "outlier_avg_reproj_error_gt_model": null,
        "inlier_ratio_est_model": 1.0,
        "num_inliers_est_model": 2616
    },
    {
        "i1": 1,
        "i2": 9,
        "i1_filename": "DSC_0002.JPG",
        "i2_filename": "DSC_0010.JPG",
        "rotation_angular_error": 0.16,
        "translation_angular_error": 0.13,
        "num_inliers_gt_model": 1816,
        "inlier_ratio_gt_model": 1.0,
        "inlier_avg_reproj_error_gt_model": 0.15,
        "outlier_avg_reproj_error_gt_model": null,
        "inlier_ratio_est_model": 1.0,
        "num_inliers_est_model": 1816
    },
    {
        "i1": 0,
        "i2": 8,
        "i1_filename": "DSC_0001.JPG",
        "i2_filename": "DSC_0009.JPG",
        "rotation_angular_error": 0.29,
        "translation_angular_error": 0.21,
        "num_inliers_gt_model": 1778,
        "inlier_ratio_gt_model": 1.0,
        "inlier_avg_reproj_error_gt_model": 0.19,
        "outlier_avg_reproj_error_gt_model": null,
        "inlier_ratio_est_model": 1.0,
        "num_inliers_est_model": 1778
    },
    {
        "i1": 2,
        "i2": 8,
        "i1_filename": "DSC_0003.JPG",
        "i2_filename": "DSC_0009.JPG",
        "rotation_angular_error": 0.13,
        "translation_angular_error": 0.12,
        "num_inliers_gt_model": 1719,
        "inlier_ratio_gt_model": 1.0,
        "inlier_avg_reproj_error_gt_model": 0.17,
        "outlier_avg_reproj_error_gt_model": null,
        "inlier_ratio_est_model": 1.0,
        "num_inliers_est_model": 1719
    },
    {
        "i1": 6,
        "i2": 11,
        "i1_filename": "DSC_0007.JPG",
        "i2_filename": "DSC_0012.JPG",
        "rotation_angular_error": 0.03,
        "translation_angular_error": 0.1,
        "num_inliers_gt_model": 2339,
        "inlier_ratio_gt_model": 1.0,
        "inlier_avg_reproj_error_gt_model": 0.13,
        "outlier_avg_reproj_error_gt_model": null,
        "inlier_ratio_est_model": 1.0,
        "num_inliers_est_model": 2339
    },
    {
        "i1": 7,
        "i2": 10,
        "i1_filename": "DSC_0008.JPG",
        "i2_filename": "DSC_0011.JPG",
        "rotation_angular_error": 0.12,
        "translation_angular_error": 0.15,
        "num_inliers_gt_model": 2789,
        "inlier_ratio_gt_model": 1.0,
        "inlier_avg_reproj_error_gt_model": 0.13,
        "outlier_avg_reproj_error_gt_model": null,
        "inlier_ratio_est_model": 1.0,
        "num_inliers_est_model": 2789
    },
    {
        "i1": 6,
        "i2": 8,
        "i1_filename": "DSC_0007.JPG",
        "i2_filename": "DSC_0009.JPG",
        "rotation_angular_error": 0.06,
        "translation_angular_error": 0.14,
        "num_inliers_gt_model": 2805,
        "inlier_ratio_gt_model": 1.0,
        "inlier_avg_reproj_error_gt_model": 0.13,
        "outlier_avg_reproj_error_gt_model": null,
        "inlier_ratio_est_model": 1.0,
        "num_inliers_est_model": 2805
    },
    {
        "i1": 4,
        "i2": 5,
        "i1_filename": "DSC_0005.JPG",
        "i2_filename": "DSC_0006.JPG",
        "rotation_angular_error": 0.06,
        "translation_angular_error": 0.32,
        "num_inliers_gt_model": 3114,
        "inlier_ratio_gt_model": 1.0,
        "inlier_avg_reproj_error_gt_model": 0.12,
        "outlier_avg_reproj_error_gt_model": null,
        "inlier_ratio_est_model": 1.0,
        "num_inliers_est_model": 3114
    },
    {
        "i1": 3,
        "i2": 9,
        "i1_filename": "DSC_0004.JPG",
        "i2_filename": "DSC_0010.JPG",
        "rotation_angular_error": 0.06,
        "translation_angular_error": 0.09,
        "num_inliers_gt_model": 1882,
        "inlier_ratio_gt_model": 1.0,
        "inlier_avg_reproj_error_gt_model": 0.15,
        "outlier_avg_reproj_error_gt_model": null,
        "inlier_ratio_est_model": 1.0,
        "num_inliers_est_model": 1882
    },
    {
        "i1": 5,
        "i2": 6,
        "i1_filename": "DSC_0006.JPG",
        "i2_filename": "DSC_0007.JPG",
        "rotation_angular_error": 0.06,
        "translation_angular_error": 0.27,
        "num_inliers_gt_model": 3199,
        "inlier_ratio_gt_model": 1.0,
        "inlier_avg_reproj_error_gt_model": 0.12,
        "outlier_avg_reproj_error_gt_model": null,
        "inlier_ratio_est_model": 1.0,
        "num_inliers_est_model": 3199
    },
    {
        "i1": 4,
        "i2": 8,
        "i1_filename": "DSC_0005.JPG",
        "i2_filename": "DSC_0009.JPG",
        "rotation_angular_error": 0.16,
        "translation_angular_error": 0.16,
        "num_inliers_gt_model": 2417,
        "inlier_ratio_gt_model": 1.0,
        "inlier_avg_reproj_error_gt_model": 0.16,
        "outlier_avg_reproj_error_gt_model": null,
        "inlier_ratio_est_model": 1.0,
        "num_inliers_est_model": 2417
    },
    {
        "i1": 3,
        "i2": 6,
        "i1_filename": "DSC_0004.JPG",
        "i2_filename": "DSC_0007.JPG",
        "rotation_angular_error": 0.09,
        "translation_angular_error": 0.12,
        "num_inliers_gt_model": 2516,
        "inlier_ratio_gt_model": 1.0,
        "inlier_avg_reproj_error_gt_model": 0.14,
        "outlier_avg_reproj_error_gt_model": null,
        "inlier_ratio_est_model": 1.0,
        "num_inliers_est_model": 2516
    },
    {
        "i1": 5,
        "i2": 9,
        "i1_filename": "DSC_0006.JPG",
        "i2_filename": "DSC_0010.JPG",
        "rotation_angular_error": 0.05,
        "translation_angular_error": 0.16,
        "num_inliers_gt_model": 2451,
        "inlier_ratio_gt_model": 1.0,
        "inlier_avg_reproj_error_gt_model": 0.13,
        "outlier_avg_reproj_error_gt_model": null,
        "inlier_ratio_est_model": 1.0,
        "num_inliers_est_model": 2451
    },
    {
        "i1": 4,
        "i2": 11,
        "i1_filename": "DSC_0005.JPG",
        "i2_filename": "DSC_0012.JPG",
        "rotation_angular_error": 0.08,
        "translation_angular_error": 0.09,
        "num_inliers_gt_model": 1968,
        "inlier_ratio_gt_model": 1.0,
        "inlier_avg_reproj_error_gt_model": 0.15,
        "outlier_avg_reproj_error_gt_model": null,
        "inlier_ratio_est_model": 1.0,
        "num_inliers_est_model": 1968
    },
    {
        "i1": 8,
        "i2": 11,
        "i1_filename": "DSC_0009.JPG",
        "i2_filename": "DSC_0012.JPG",
        "rotation_angular_error": 0.03,
        "translation_angular_error": 0.1,
        "num_inliers_gt_model": 2841,
        "inlier_ratio_gt_model": 1.0,
        "inlier_avg_reproj_error_gt_model": 0.13,
        "outlier_avg_reproj_error_gt_model": null,
        "inlier_ratio_est_model": 1.0,
        "num_inliers_est_model": 2841
    },
    {
        "i1": 0,
        "i2": 1,
        "i1_filename": "DSC_0001.JPG",
        "i2_filename": "DSC_0002.JPG",
        "rotation_angular_error": 0.06,
        "translation_angular_error": 0.23,
        "num_inliers_gt_model": 3166,
        "inlier_ratio_gt_model": 1.0,
        "inlier_avg_reproj_error_gt_model": 0.12,
        "outlier_avg_reproj_error_gt_model": null,
        "inlier_ratio_est_model": 1.0,
        "num_inliers_est_model": 3166
    },
    {
        "i1": 0,
        "i2": 7,
        "i1_filename": "DSC_0001.JPG",
        "i2_filename": "DSC_0008.JPG",
        "rotation_angular_error": 0.17,
        "translation_angular_error": 0.13,
        "num_inliers_gt_model": 1926,
        "inlier_ratio_gt_model": 1.0,
        "inlier_avg_reproj_error_gt_model": 0.15,
        "outlier_avg_reproj_error_gt_model": null,
        "inlier_ratio_est_model": 1.0,
        "num_inliers_est_model": 1926
    },
    {
        "i1": 2,
        "i2": 4,
        "i1_filename": "DSC_0003.JPG",
        "i2_filename": "DSC_0005.JPG",
        "rotation_angular_error": 0.02,
        "translation_angular_error": 0.15,
        "num_inliers_gt_model": 2572,
        "inlier_ratio_gt_model": 1.0,
        "inlier_avg_reproj_error_gt_model": 0.14,
        "outlier_avg_reproj_error_gt_model": null,
        "inlier_ratio_est_model": 1.0,
        "num_inliers_est_model": 2572
    },
    {
        "i1": 10,
        "i2": 11,
        "i1_filename": "DSC_0011.JPG",
        "i2_filename": "DSC_0012.JPG",
        "rotation_angular_error": 0.01,
        "translation_angular_error": 0.21,
        "num_inliers_gt_model": 3081,
        "inlier_ratio_gt_model": 1.0,
        "inlier_avg_reproj_error_gt_model": 0.12,
        "outlier_avg_reproj_error_gt_model": null,
        "inlier_ratio_est_model": 1.0,
        "num_inliers_est_model": 3081
    },
    {
        "i1": 0,
        "i2": 4,
        "i1_filename": "DSC_0001.JPG",
        "i2_filename": "DSC_0005.JPG",
        "rotation_angular_error": 0.14,
        "translation_angular_error": 0.13,
        "num_inliers_gt_model": 2442,
        "inlier_ratio_gt_model": 1.0,
        "inlier_avg_reproj_error_gt_model": 0.14,
        "outlier_avg_reproj_error_gt_model": null,
        "inlier_ratio_est_model": 1.0,
        "num_inliers_est_model": 2442
    },
    {
        "i1": 0,
        "i2": 10,
        "i1_filename": "DSC_0001.JPG",
        "i2_filename": "DSC_0011.JPG",
        "rotation_angular_error": 0.25,
        "translation_angular_error": 0.2,
        "num_inliers_gt_model": 1586,
        "inlier_ratio_gt_model": 1.0,
        "inlier_avg_reproj_error_gt_model": 0.18,
        "outlier_avg_reproj_error_gt_model": null,
        "inlier_ratio_est_model": 1.0,
        "num_inliers_est_model": 1586
    },
    {
        "i1": 2,
        "i2": 7,
        "i1_filename": "DSC_0003.JPG",
        "i2_filename": "DSC_0008.JPG",
        "rotation_angular_error": 0.03,
        "translation_angular_error": 0.08,
        "num_inliers_gt_model": 1900,
        "inlier_ratio_gt_model": 1.0,
        "inlier_avg_reproj_error_gt_model": 0.15,
        "outlier_avg_reproj_error_gt_model": null,
        "inlier_ratio_est_model": 1.0,
        "num_inliers_est_model": 1900
    },
    {
        "i1": 1,
        "i2": 5,
        "i1_filename": "DSC_0002.JPG",
        "i2_filename": "DSC_0006.JPG",
        "rotation_angular_error": 0.14,
        "translation_angular_error": 0.11,
        "num_inliers_gt_model": 2369,
        "inlier_ratio_gt_model": 1.0,
        "inlier_avg_reproj_error_gt_model": 0.14,
        "outlier_avg_reproj_error_gt_model": null,
        "inlier_ratio_est_model": 1.0,
        "num_inliers_est_model": 2369
    },
    {
        "i1": 1,
        "i2": 11,
        "i1_filename": "DSC_0002.JPG",
        "i2_filename": "DSC_0012.JPG",
        "rotation_angular_error": 0.18,
        "translation_angular_error": 0.14,
        "num_inliers_gt_model": 1568,
        "inlier_ratio_gt_model": 1.0,
        "inlier_avg_reproj_error_gt_model": 0.16,
        "outlier_avg_reproj_error_gt_model": null,
        "inlier_ratio_est_model": 1.0,
        "num_inliers_est_model": 1568
    },
    {
        "i1": 9,
        "i2": 10,
        "i1_filename": "DSC_0010.JPG",
        "i2_filename": "DSC_0011.JPG",
        "rotation_angular_error": 0.05,
        "translation_angular_error": 0.35,
        "num_inliers_gt_model": 3112,
        "inlier_ratio_gt_model": 1.0,
        "inlier_avg_reproj_error_gt_model": 0.12,
        "outlier_avg_reproj_error_gt_model": null,
        "inlier_ratio_est_model": 1.0,
        "num_inliers_est_model": 3112
    },
    {
        "i1": 2,
        "i2": 10,
        "i1_filename": "DSC_0003.JPG",
        "i2_filename": "DSC_0011.JPG",
        "rotation_angular_error": 0.09,
        "translation_angular_error": 0.11,
        "num_inliers_gt_model": 1538,
        "inlier_ratio_gt_model": 1.0,
        "inlier_avg_reproj_error_gt_model": 0.16,
        "outlier_avg_reproj_error_gt_model": null,
        "inlier_ratio_est_model": 1.0,
        "num_inliers_est_model": 1538
    },
    {
        "i1": 1,
        "i2": 8,
        "i1_filename": "DSC_0002.JPG",
        "i2_filename": "DSC_0009.JPG",
        "rotation_angular_error": 0.21,
        "translation_angular_error": 0.16,
        "num_inliers_gt_model": 1905,
        "inlier_ratio_gt_model": 1.0,
        "inlier_avg_reproj_error_gt_model": 0.16,
        "outlier_avg_reproj_error_gt_model": null,
        "inlier_ratio_est_model": 1.0,
        "num_inliers_est_model": 1905
    },
    {
        "i1": 1,
        "i2": 2,
        "i1_filename": "DSC_0002.JPG",
        "i2_filename": "DSC_0003.JPG",
        "rotation_angular_error": 0.09,
        "translation_angular_error": 0.5,
        "num_inliers_gt_model": 2738,
        "inlier_ratio_gt_model": 1.0,
        "inlier_avg_reproj_error_gt_model": 0.15,
        "outlier_avg_reproj_error_gt_model": null,
        "inlier_ratio_est_model": 1.0,
        "num_inliers_est_model": 2738
    },
    {
        "i1": 7,
        "i2": 9,
        "i1_filename": "DSC_0008.JPG",
        "i2_filename": "DSC_0010.JPG",
        "rotation_angular_error": 0.08,
        "translation_angular_error": 0.12,
        "num_inliers_gt_model": 2952,
        "inlier_ratio_gt_model": 1.0,
        "inlier_avg_reproj_error_gt_model": 0.13,
        "outlier_avg_reproj_error_gt_model": null,
        "inlier_ratio_est_model": 1.0,
        "num_inliers_est_model": 2952
    },
    {
        "i1": 6,
        "i2": 7,
        "i1_filename": "DSC_0007.JPG",
        "i2_filename": "DSC_0008.JPG",
        "rotation_angular_error": 0.09,
        "translation_angular_error": 0.3,
        "num_inliers_gt_model": 3055,
        "inlier_ratio_gt_model": 1.0,
        "inlier_avg_reproj_error_gt_model": 0.12,
        "outlier_avg_reproj_error_gt_model": null,
        "inlier_ratio_est_model": 1.0,
        "num_inliers_est_model": 3055
    },
    {
        "i1": 6,
        "i2": 10,
        "i1_filename": "DSC_0007.JPG",
        "i2_filename": "DSC_0011.JPG",
        "rotation_angular_error": 0.03,
        "translation_angular_error": 0.1,
        "num_inliers_gt_model": 2529,
        "inlier_ratio_gt_model": 1.0,
        "inlier_avg_reproj_error_gt_model": 0.13,
        "outlier_avg_reproj_error_gt_model": null,
        "inlier_ratio_est_model": 1.0,
        "num_inliers_est_model": 2529
    },
    {
        "i1": 4,
        "i2": 7,
        "i1_filename": "DSC_0005.JPG",
        "i2_filename": "DSC_0008.JPG",
        "rotation_angular_error": 0.04,
        "translation_angular_error": 0.06,
        "num_inliers_gt_model": 2656,
        "inlier_ratio_gt_model": 1.0,
        "inlier_avg_reproj_error_gt_model": 0.13,
        "outlier_avg_reproj_error_gt_model": null,
        "inlier_ratio_est_model": 1.0,
        "num_inliers_est_model": 2656
    },
    {
        "i1": 3,
        "i2": 5,
        "i1_filename": "DSC_0004.JPG",
        "i2_filename": "DSC_0006.JPG",
        "rotation_angular_error": 0.02,
        "translation_angular_error": 0.08,
        "num_inliers_gt_model": 2634,
        "inlier_ratio_gt_model": 1.0,
        "inlier_avg_reproj_error_gt_model": 0.14,
        "outlier_avg_reproj_error_gt_model": null,
        "inlier_ratio_est_model": 1.0,
        "num_inliers_est_model": 2634
    },
    {
        "i1": 3,
        "i2": 11,
        "i1_filename": "DSC_0004.JPG",
        "i2_filename": "DSC_0012.JPG",
        "rotation_angular_error": 0.07,
        "translation_angular_error": 0.1,
        "num_inliers_gt_model": 1575,
        "inlier_ratio_gt_model": 1.0,
        "inlier_avg_reproj_error_gt_model": 0.17,
        "outlier_avg_reproj_error_gt_model": null,
        "inlier_ratio_est_model": 1.0,
        "num_inliers_est_model": 1575
    },
    {
        "i1": 4,
        "i2": 10,
        "i1_filename": "DSC_0005.JPG",
        "i2_filename": "DSC_0011.JPG",
        "rotation_angular_error": 0.12,
        "translation_angular_error": 0.14,
        "num_inliers_gt_model": 2122,
        "inlier_ratio_gt_model": 1.0,
        "inlier_avg_reproj_error_gt_model": 0.15,
        "outlier_avg_reproj_error_gt_model": null,
        "inlier_ratio_est_model": 1.0,
        "num_inliers_est_model": 2122
    },
    {
        "i1": 3,
        "i2": 8,
        "i1_filename": "DSC_0004.JPG",
        "i2_filename": "DSC_0009.JPG",
        "rotation_angular_error": 0.32,
        "translation_angular_error": 0.3,
        "num_inliers_gt_model": 1886,
        "inlier_ratio_gt_model": 1.0,
        "inlier_avg_reproj_error_gt_model": 0.21,
        "outlier_avg_reproj_error_gt_model": null,
        "inlier_ratio_est_model": 1.0,
        "num_inliers_est_model": 1886
    },
    {
        "i1": 5,
        "i2": 11,
        "i1_filename": "DSC_0006.JPG",
        "i2_filename": "DSC_0012.JPG",
        "rotation_angular_error": 0.08,
        "translation_angular_error": 0.16,
        "num_inliers_gt_model": 2132,
        "inlier_ratio_gt_model": 1.0,
        "inlier_avg_reproj_error_gt_model": 0.15,
        "outlier_avg_reproj_error_gt_model": null,
        "inlier_ratio_est_model": 1.0,
        "num_inliers_est_model": 2132
    },
    {
        "i1": 5,
        "i2": 8,
        "i1_filename": "DSC_0006.JPG",
        "i2_filename": "DSC_0009.JPG",
        "rotation_angular_error": 0.11,
        "translation_angular_error": 0.28,
        "num_inliers_gt_model": 2614,
        "inlier_ratio_gt_model": 1.0,
        "inlier_avg_reproj_error_gt_model": 0.15,
        "outlier_avg_reproj_error_gt_model": null,
        "inlier_ratio_est_model": 1.0,
        "num_inliers_est_model": 2614
    },
    {
        "i1": 0,
        "i2": 3,
        "i1_filename": "DSC_0001.JPG",
        "i2_filename": "DSC_0004.JPG",
        "rotation_angular_error": 0.13,
        "translation_angular_error": 0.19,
        "num_inliers_gt_model": 2408,
        "inlier_ratio_gt_model": 1.0,
        "inlier_avg_reproj_error_gt_model": 0.15,
        "outlier_avg_reproj_error_gt_model": null,
        "inlier_ratio_est_model": 1.0,
        "num_inliers_est_model": 2408
    },
    {
        "i1": 8,
        "i2": 10,
        "i1_filename": "DSC_0009.JPG",
        "i2_filename": "DSC_0011.JPG",
        "rotation_angular_error": 0.04,
        "translation_angular_error": 0.13,
        "num_inliers_gt_model": 2941,
        "inlier_ratio_gt_model": 1.0,
        "inlier_avg_reproj_error_gt_model": 0.13,
        "outlier_avg_reproj_error_gt_model": null,
        "inlier_ratio_est_model": 1.0,
        "num_inliers_est_model": 2941
    },
    {
        "i1": 0,
        "i2": 9,
        "i1_filename": "DSC_0001.JPG",
        "i2_filename": "DSC_0010.JPG",
        "rotation_angular_error": 0.2,
        "translation_angular_error": 0.15,
        "num_inliers_gt_model": 1744,
        "inlier_ratio_gt_model": 1.0,
        "inlier_avg_reproj_error_gt_model": 0.16,
        "outlier_avg_reproj_error_gt_model": null,
        "inlier_ratio_est_model": 1.0,
        "num_inliers_est_model": 1744
    },
    {
        "i1": 1,
        "i2": 4,
        "i1_filename": "DSC_0002.JPG",
        "i2_filename": "DSC_0005.JPG",
        "rotation_angular_error": 0.08,
        "translation_angular_error": 0.06,
        "num_inliers_gt_model": 2591,
        "inlier_ratio_gt_model": 1.0,
        "inlier_avg_reproj_error_gt_model": 0.13,
        "outlier_avg_reproj_error_gt_model": null,
        "inlier_ratio_est_model": 1.0,
        "num_inliers_est_model": 2591
    },
    {
        "i1": 0,
        "i2": 6,
        "i1_filename": "DSC_0001.JPG",
        "i2_filename": "DSC_0007.JPG",
        "rotation_angular_error": 0.21,
        "translation_angular_error": 0.16,
        "num_inliers_gt_model": 2157,
        "inlier_ratio_gt_model": 1.0,
        "inlier_avg_reproj_error_gt_model": 0.16,
        "outlier_avg_reproj_error_gt_model": null,
        "inlier_ratio_est_model": 1.0,
        "num_inliers_est_model": 2157
    },
    {
        "i1": 2,
        "i2": 3,
        "i1_filename": "DSC_0003.JPG",
        "i2_filename": "DSC_0004.JPG",
        "rotation_angular_error": 0.02,
        "translation_angular_error": 0.11,
        "num_inliers_gt_model": 3016,
        "inlier_ratio_gt_model": 1.0,
        "inlier_avg_reproj_error_gt_model": 0.12,
        "outlier_avg_reproj_error_gt_model": null,
        "inlier_ratio_est_model": 1.0,
        "num_inliers_est_model": 3016
    },
    {
        "i1": 2,
        "i2": 9,
        "i1_filename": "DSC_0003.JPG",
        "i2_filename": "DSC_0010.JPG",
        "rotation_angular_error": 0.04,
        "translation_angular_error": 0.04,
        "num_inliers_gt_model": 1722,
        "inlier_ratio_gt_model": 1.0,
        "inlier_avg_reproj_error_gt_model": 0.15,
        "outlier_avg_reproj_error_gt_model": null,
        "inlier_ratio_est_model": 1.0,
        "num_inliers_est_model": 1722
    },
    {
        "i1": 1,
        "i2": 7,
        "i1_filename": "DSC_0002.JPG",
        "i2_filename": "DSC_0008.JPG",
        "rotation_angular_error": 0.1,
        "translation_angular_error": 0.08,
        "num_inliers_gt_model": 2059,
        "inlier_ratio_gt_model": 1.0,
        "inlier_avg_reproj_error_gt_model": 0.14,
        "outlier_avg_reproj_error_gt_model": null,
        "inlier_ratio_est_model": 1.0,
        "num_inliers_est_model": 2059
    },
    {
        "i1": 2,
        "i2": 6,
        "i1_filename": "DSC_0003.JPG",
        "i2_filename": "DSC_0007.JPG",
        "rotation_angular_error": 0.08,
        "translation_angular_error": 0.08,
        "num_inliers_gt_model": 2287,
        "inlier_ratio_gt_model": 1.0,
        "inlier_avg_reproj_error_gt_model": 0.15,
        "outlier_avg_reproj_error_gt_model": null,
        "inlier_ratio_est_model": 1.0,
        "num_inliers_est_model": 2287
    },
    {
        "i1": 1,
        "i2": 10,
        "i1_filename": "DSC_0002.JPG",
        "i2_filename": "DSC_0011.JPG",
        "rotation_angular_error": 0.21,
        "translation_angular_error": 0.18,
        "num_inliers_gt_model": 1699,
        "inlier_ratio_gt_model": 1.0,
        "inlier_avg_reproj_error_gt_model": 0.17,
        "outlier_avg_reproj_error_gt_model": null,
        "inlier_ratio_est_model": 1.0,
        "num_inliers_est_model": 1699
    },
    {
        "i1": 7,
        "i2": 11,
        "i1_filename": "DSC_0008.JPG",
        "i2_filename": "DSC_0012.JPG",
        "rotation_angular_error": 0.13,
        "translation_angular_error": 0.13,
        "num_inliers_gt_model": 2575,
        "inlier_ratio_gt_model": 1.0,
        "inlier_avg_reproj_error_gt_model": 0.13,
        "outlier_avg_reproj_error_gt_model": null,
        "inlier_ratio_est_model": 1.0,
        "num_inliers_est_model": 2575
    },
    {
        "i1": 6,
        "i2": 9,
        "i1_filename": "DSC_0007.JPG",
        "i2_filename": "DSC_0010.JPG",
        "rotation_angular_error": 0.02,
        "translation_angular_error": 0.01,
        "num_inliers_gt_model": 2724,
        "inlier_ratio_gt_model": 1.0,
        "inlier_avg_reproj_error_gt_model": 0.12,
        "outlier_avg_reproj_error_gt_model": null,
        "inlier_ratio_est_model": 1.0,
        "num_inliers_est_model": 2724
    },
    {
        "i1": 7,
        "i2": 8,
        "i1_filename": "DSC_0008.JPG",
        "i2_filename": "DSC_0009.JPG",
        "rotation_angular_error": 0.17,
        "translation_angular_error": 0.26,
        "num_inliers_gt_model": 3088,
        "inlier_ratio_gt_model": 1.0,
        "inlier_avg_reproj_error_gt_model": 0.14,
        "outlier_avg_reproj_error_gt_model": null,
        "inlier_ratio_est_model": 1.0,
        "num_inliers_est_model": 3088
    }
]