[
    {
        "i1": 0,
        "i2": 1,
        "i1_filename": "DSC_0001.JPG",
        "i2_filename": "DSC_0002.JPG",
        "rotation_angular_error": 0.15,
        "translation_angular_error": 1.49,
        "num_inliers_gt_model": 3849,
        "inlier_ratio_gt_model": 0.99,
        "inlier_avg_reproj_error_gt_model": 0.45,
        "outlier_avg_reproj_error_gt_model": 23.39,
        "inlier_ratio_est_model": 1.0,
        "num_inliers_est_model": 3878
    },
    {
        "i1": 0,
        "i2": 2,
        "i1_filename": "DSC_0001.JPG",
        "i2_filename": "DSC_0003.JPG",
        "rotation_angular_error": 0.1,
        "translation_angular_error": 0.23,
        "num_inliers_gt_model": 3415,
        "inlier_ratio_gt_model": 1.0,
        "inlier_avg_reproj_error_gt_model": 0.57,
        "outlier_avg_reproj_error_gt_model": 20.74,
        "inlier_ratio_est_model": 1.0,
        "num_inliers_est_model": 3425
    },
    {
        "i1": 0,
        "i2": 3,
        "i1_filename": "DSC_0001.JPG",
        "i2_filename": "DSC_0004.JPG",
        "rotation_angular_error": 0.12,
        "translation_angular_error": 0.15,
        "num_inliers_gt_model": 3243,
        "inlier_ratio_gt_model": 0.99,
        "inlier_avg_reproj_error_gt_model": 0.61,
        "outlier_avg_reproj_error_gt_model": 22.54,
        "inlier_ratio_est_model": 1.0,
        "num_inliers_est_model": 3260
    },
    {
        "i1": 0,
        "i2": 4,
        "i1_filename": "DSC_0001.JPG",
        "i2_filename": "DSC_0005.JPG",
        "rotation_angular_error": 0.15,
        "translation_angular_error": 0.25,
        "num_inliers_gt_model": 3181,
        "inlier_ratio_gt_model": 1.0,
        "inlier_avg_reproj_error_gt_model": 0.64,
        "outlier_avg_reproj_error_gt_model": 21.58,
        "inlier_ratio_est_model": 1.0,
        "num_inliers_est_model": 3196
    },
    {
        "i1": 0,
        "i2": 5,
        "i1_filename": "DSC_0001.JPG",
        "i2_filename": "DSC_0006.JPG",
        "rotation_angular_error": 0.24,
        "translation_angular_error": 0.23,
        "num_inliers_gt_model": 3028,
        "inlier_ratio_gt_model": 0.99,
        "inlier_avg_reproj_error_gt_model": 0.65,
        "outlier_avg_reproj_error_gt_model": 23.38,
        "inlier_ratio_est_model": 1.0,
        "num_inliers_est_model": 3045
    },
    {
        "i1": 0,
        "i2": 9,
        "i1_filename": "DSC_0001.JPG",
        "i2_filename": "DSC_0010.JPG",
        "rotation_angular_error": 0.18,
        "translation_angular_error": 0.17,
        "num_inliers_gt_model": 2578,
        "inlier_ratio_gt_model": 0.99,
        "inlier_avg_reproj_error_gt_model": 0.87,
        "outlier_avg_reproj_error_gt_model": 20.99,
        "inlier_ratio_est_model": 1.0,
        "num_inliers_est_model": 2606
    },
    {
        "i1": 0,
        "i2": 6,
        "i1_filename": "DSC_0001.JPG",
        "i2_filename": "DSC_0007.JPG",
        "rotation_angular_error": 0.23,
        "translation_angular_error": 0.18,
        "num_inliers_gt_model": 2981,
        "inlier_ratio_gt_model": 0.99,
        "inlier_avg_reproj_error_gt_model": 0.75,
        "outlier_avg_reproj_error_gt_model": 23.68,
        "inlier_ratio_est_model": 1.0,
        "num_inliers_est_model": 2998
    },
    {
        "i1": 0,
        "i2": 7,
        "i1_filename": "DSC_0001.JPG",
        "i2_filename": "DSC_0008.JPG",
        "rotation_angular_error": 0.2,
        "translation_angular_error": 0.14,
        "num_inliers_gt_model": 2801,
        "inlier_ratio_gt_model": 0.99,
        "inlier_avg_reproj_error_gt_model": 0.8,
        "outlier_avg_reproj_error_gt_model": 22.23,
        "inlier_ratio_est_model": 1.0,
        "num_inliers_est_model": 2820
    },
    {
        "i1": 0,
        "i2": 8,
        "i1_filename": "DSC_0001.JPG",
        "i2_filename": "DSC_0009.JPG",
        "rotation_angular_error": 0.37,
        "translation_angular_error": 0.22,
        "num_inliers_gt_model": 2729,
        "inlier_ratio_gt_model": 0.99,
        "inlier_avg_reproj_error_gt_model": 0.96,
        "outlier_avg_reproj_error_gt_model": 23.5,
        "inlier_ratio_est_model": 1.0,
        "num_inliers_est_model": 2751
    },
    {
        "i1": 0,
        "i2": 10,
        "i1_filename": "DSC_0001.JPG",
        "i2_filename": "DSC_0011.JPG",
        "rotation_angular_error": 0.27,
        "translation_angular_error": 0.24,
        "num_inliers_gt_model": 2504,
        "inlier_ratio_gt_model": 0.99,
        "inlier_avg_reproj_error_gt_model": 0.97,
        "outlier_avg_reproj_error_gt_model": 23.32,
        "inlier_ratio_est_model": 1.0,
        "num_inliers_est_model": 2535
    },
    {
        "i1": 1,
        "i2": 2,
        "i1_filename": "DSC_0002.JPG",
        "i2_filename": "DSC_0003.JPG",
        "rotation_angular_error": 0.25,
        "translation_angular_error": 0.97,
        "num_inliers_gt_model": 3531,
        "inlier_ratio_gt_model": 1.0,
        "inlier_avg_reproj_error_gt_model": 0.49,
        "outlier_avg_reproj_error_gt_model": 25.19,
        "inlier_ratio_est_model": 1.0,
        "num_inliers_est_model": 3542
    },
    {
        "i1": 1,
        "i2": 3,
        "i1_filename": "DSC_0002.JPG",
        "i2_filename": "DSC_0004.JPG",
        "rotation_angular_error": 0.07,
        "translation_angular_error": 0.39,
        "num_inliers_gt_model": 3332,
        "inlier_ratio_gt_model": 1.0,
        "inlier_avg_reproj_error_gt_model": 0.52,
        "outlier_avg_reproj_error_gt_model": 20.9,
        "inlier_ratio_est_model": 1.0,
        "num_inliers_est_model": 3338
    },
    {
        "i1": 1,
        "i2": 4,
        "i1_filename": "DSC_0002.JPG",
        "i2_filename": "DSC_0005.JPG",
        "rotation_angular_error": 0.11,
        "translation_angular_error": 0.17,
        "num_inliers_gt_model": 3289,
        "inlier_ratio_gt_model": 0.99,
        "inlier_avg_reproj_error_gt_model": 0.52,
        "outlier_avg_reproj_error_gt_model": 20.92,
        "inlier_ratio_est_model": 1.0,
        "num_inliers_est_model": 3307
    },
    {
        "i1": 1,
        "i2": 5,
        "i1_filename": "DSC_0002.JPG",
        "i2_filename": "DSC_0006.JPG",
        "rotation_angular_error": 0.08,
        "translation_angular_error": 0.15,
        "num_inliers_gt_model": 3094,
        "inlier_ratio_gt_model": 1.0,
        "inlier_avg_reproj_error_gt_model": 0.59,
        "outlier_avg_reproj_error_gt_model": 21.5,
        "inlier_ratio_est_model": 1.0,
        "num_inliers_est_model": 3107
    },
    {
        "i1": 1,
        "i2": 6,
        "i1_filename": "DSC_0002.JPG",
        "i2_filename": "DSC_0007.JPG",
        "rotation_angular_error": 0.28,
        "translation_angular_error": 0.33,
        "num_inliers_gt_model": 3051,
        "inlier_ratio_gt_model": 0.99,
        "inlier_avg_reproj_error_gt_model": 0.65,
        "outlier_avg_reproj_error_gt_model": 21.47,
        "inlier_ratio_est_model": 1.0,
        "num_inliers_est_model": 3071
    },
    {
        "i1": 1,
        "i2": 7,
        "i1_filename": "DSC_0002.JPG",
        "i2_filename": "DSC_0008.JPG",
        "rotation_angular_error": 0.04,
        "translation_angular_error": 0.03,
        "num_inliers_gt_model": 2889,
        "inlier_ratio_gt_model": 0.99,
        "inlier_avg_reproj_error_gt_model": 0.72,
        "outlier_avg_reproj_error_gt_model": 22.82,
        "inlier_ratio_est_model": 1.0,
        "num_inliers_est_model": 2911
    },
    {
        "i1": 1,
        "i2": 9,
        "i1_filename": "DSC_0002.JPG",
        "i2_filename": "DSC_0010.JPG",
        "rotation_angular_error": 0.1,
        "translation_angular_error": 0.07,
        "num_inliers_gt_model": 2636,
        "inlier_ratio_gt_model": 0.99,
        "inlier_avg_reproj_error_gt_model": 0.86,
        "outlier_avg_reproj_error_gt_model": 20.03,
        "inlier_ratio_est_model": 1.0,
        "num_inliers_est_model": 2660
    },
    {
        "i1": 1,
        "i2": 8,
        "i1_filename": "DSC_0002.JPG",
        "i2_filename": "DSC_0009.JPG",
        "rotation_angular_error": 0.28,
        "translation_angular_error": 0.22,
        "num_inliers_gt_model": 2791,
        "inlier_ratio_gt_model": 0.99,
        "inlier_avg_reproj_error_gt_model": 0.86,
        "outlier_avg_reproj_error_gt_model": 21.42,
        "inlier_ratio_est_model": 1.0,
        "num_inliers_est_model": 2818
    },
    {
        "i1": 1,
        "i2": 10,
        "i1_filename": "DSC_0002.JPG",
        "i2_filename": "DSC_0011.JPG",
        "rotation_angular_error": 0.26,
        "translation_angular_error": 0.2,
        "num_inliers_gt_model": 2580,
        "inlier_ratio_gt_model": 0.99,
        "inlier_avg_reproj_error_gt_model": 0.94,
        "outlier_avg_reproj_error_gt_model": 23.51,
        "inlier_ratio_est_model": 1.0,
        "num_inliers_est_model": 2594
    },
    {
        "i1": 1,
        "i2": 11,
        "i1_filename": "DSC_0002.JPG",
        "i2_filename": "DSC_0012.JPG",
        "rotation_angular_error": 0.17,
        "translation_angular_error": 0.13,
        "num_inliers_gt_model": 2439,
        "inlier_ratio_gt_model": 0.99,
        "inlier_avg_reproj_error_gt_model": 1.02,
        "outlier_avg_reproj_error_gt_model": 21.0,
        "inlier_ratio_est_model": 1.0,
        "num_inliers_est_model": 2452
    },
    {
        "i1": 2,
        "i2": 3,
        "i1_filename": "DSC_0003.JPG",
        "i2_filename": "DSC_0004.JPG",
        "rotation_angular_error": 0.16,
        "translation_angular_error": 0.16,
        "num_inliers_gt_model": 3669,
        "inlier_ratio_gt_model": 1.0,
        "inlier_avg_reproj_error_gt_model": 0.44,
        "outlier_avg_reproj_error_gt_model": 25.16,
        "inlier_ratio_est_model": 1.0,
        "num_inliers_est_model": 3678
    },
    {
        "i1": 2,
        "i2": 5,
        "i1_filename": "DSC_0003.JPG",
        "i2_filename": "DSC_0006.JPG",
        "rotation_angular_error": 0.11,
        "translation_angular_error": 0.05,
        "num_inliers_gt_model": 3267,
        "inlier_ratio_gt_model": 1.0,
        "inlier_avg_reproj_error_gt_model": 0.62,
        "outlier_avg_reproj_error_gt_model": 20.98,
        "inlier_ratio_est_model": 1.0,
        "num_inliers_est_model": 3277
    },
    {
        "i1": 2,
        "i2": 4,
        "i1_filename": "DSC_0003.JPG",
        "i2_filename": "DSC_0005.JPG",
        "rotation_angular_error": 0.09,
        "translation_angular_error": 0.22,
        "num_inliers_gt_model": 3431,
        "inlier_ratio_gt_model": 1.0,
        "inlier_avg_reproj_error_gt_model": 0.57,
        "outlier_avg_reproj_error_gt_model": 25.59,
        "inlier_ratio_est_model": 1.0,
        "num_inliers_est_model": 3448
    },
    {
        "i1": 2,
        "i2": 6,
        "i1_filename": "DSC_0003.JPG",
        "i2_filename": "DSC_0007.JPG",
        "rotation_angular_error": 0.05,
        "translation_angular_error": 0.15,
        "num_inliers_gt_model": 3240,
        "inlier_ratio_gt_model": 0.99,
        "inlier_avg_reproj_error_gt_model": 0.7,
        "outlier_avg_reproj_error_gt_model": 19.61,
        "inlier_ratio_est_model": 1.0,
        "num_inliers_est_model": 3260
    },
    {
        "i1": 2,
        "i2": 7,
        "i1_filename": "DSC_0003.JPG",
        "i2_filename": "DSC_0008.JPG",
        "rotation_angular_error": 0.08,
        "translation_angular_error": 0.1,
        "num_inliers_gt_model": 3008,
        "inlier_ratio_gt_model": 0.99,
        "inlier_avg_reproj_error_gt_model": 0.82,
        "outlier_avg_reproj_error_gt_model": 19.71,
        "inlier_ratio_est_model": 1.0,
        "num_inliers_est_model": 3030
    },
    {
        "i1": 2,
        "i2": 9,
        "i1_filename": "DSC_0003.JPG",
        "i2_filename": "DSC_0010.JPG",
        "rotation_angular_error": 0.15,
        "translation_angular_error": 0.09,
        "num_inliers_gt_model": 2807,
        "inlier_ratio_gt_model": 0.99,
        "inlier_avg_reproj_error_gt_model": 0.97,
        "outlier_avg_reproj_error_gt_model": 21.97,
        "inlier_ratio_est_model": 1.0,
        "num_inliers_est_model": 2826
    },
    {
        "i1": 2,
        "i2": 8,
        "i1_filename": "DSC_0003.JPG",
        "i2_filename": "DSC_0009.JPG",
        "rotation_angular_error": 0.08,
        "translation_angular_error": 0.06,
        "num_inliers_gt_model": 2956,
        "inlier_ratio_gt_model": 0.99,
        "inlier_avg_reproj_error_gt_model": 1.0,
        "outlier_avg_reproj_error_gt_model": 21.89,
        "inlier_ratio_est_model": 1.0,
        "num_inliers_est_model": 2973
    },
    {
        "i1": 2,
        "i2": 10,
        "i1_filename": "DSC_0003.JPG",
        "i2_filename": "DSC_0011.JPG",
        "rotation_angular_error": 0.09,
        "translation_angular_error": 0.08,
        "num_inliers_gt_model": 2743,
        "inlier_ratio_gt_model": 1.0,
        "inlier_avg_reproj_error_gt_model": 1.07,
        "outlier_avg_reproj_error_gt_model": 22.7,
        "inlier_ratio_est_model": 1.0,
        "num_inliers_est_model": 2752
    },
    {
        "i1": 2,
        "i2": 11,
        "i1_filename": "DSC_0003.JPG",
        "i2_filename": "DSC_0012.JPG",
        "rotation_angular_error": 0.1,
        "translation_angular_error": 0.15,
        "num_inliers_gt_model": 2593,
        "inlier_ratio_gt_model": 0.99,
        "inlier_avg_reproj_error_gt_model": 1.15,
        "outlier_avg_reproj_error_gt_model": 21.02,
        "inlier_ratio_est_model": 1.0,
        "num_inliers_est_model": 2612
    },
    {
        "i1": 3,
        "i2": 4,
        "i1_filename": "DSC_0004.JPG",
        "i2_filename": "DSC_0005.JPG",
        "rotation_angular_error": 0.04,
        "translation_angular_error": 0.55,
        "num_inliers_gt_model": 3635,
        "inlier_ratio_gt_model": 1.0,
        "inlier_avg_reproj_error_gt_model": 0.5,
        "outlier_avg_reproj_error_gt_model": 22.19,
        "inlier_ratio_est_model": 1.0,
        "num_inliers_est_model": 3642
    },
    {
        "i1": 3,
        "i2": 5,
        "i1_filename": "DSC_0004.JPG",
        "i2_filename": "DSC_0006.JPG",
        "rotation_angular_error": 0.02,
        "translation_angular_error": 0.08,
        "num_inliers_gt_model": 3430,
        "inlier_ratio_gt_model": 1.0,
        "inlier_avg_reproj_error_gt_model": 0.54,
        "outlier_avg_reproj_error_gt_model": 19.56,
        "inlier_ratio_est_model": 1.0,
        "num_inliers_est_model": 3439
    },
    {
        "i1": 3,
        "i2": 6,
        "i1_filename": "DSC_0004.JPG",
        "i2_filename": "DSC_0007.JPG",
        "rotation_angular_error": 0.08,
        "translation_angular_error": 0.32,
        "num_inliers_gt_model": 3394,
        "inlier_ratio_gt_model": 1.0,
        "inlier_avg_reproj_error_gt_model": 0.63,
        "outlier_avg_reproj_error_gt_model": 20.92,
        "inlier_ratio_est_model": 1.0,
        "num_inliers_est_model": 3408
    },
    {
        "i1": 3,
        "i2": 7,
        "i1_filename": "DSC_0004.JPG",
        "i2_filename": "DSC_0008.JPG",
        "rotation_angular_error": 0.15,
        "translation_angular_error": 0.16,
        "num_inliers_gt_model": 3131,
        "inlier_ratio_gt_model": 0.99,
        "inlier_avg_reproj_error_gt_model": 0.72,
        "outlier_avg_reproj_error_gt_model": 21.49,
        "inlier_ratio_est_model": 1.0,
        "num_inliers_est_model": 3147
    },
    {
        "i1": 3,
        "i2": 9,
        "i1_filename": "DSC_0004.JPG",
        "i2_filename": "DSC_0010.JPG",
        "rotation_angular_error": 0.15,
        "translation_angular_error": 0.14,
        "num_inliers_gt_model": 2897,
        "inlier_ratio_gt_model": 0.99,
        "inlier_avg_reproj_error_gt_model": 0.77,
        "outlier_avg_reproj_error_gt_model": 20.93,
        "inlier_ratio_est_model": 1.0,
        "num_inliers_est_model": 2917
    },
    {
        "i1": 3,
        "i2": 8,
        "i1_filename": "DSC_0004.JPG",
        "i2_filename": "DSC_0009.JPG",
        "rotation_angular_error": 0.37,
        "translation_angular_error": 0.37,
        "num_inliers_gt_model": 2911,
        "inlier_ratio_gt_model": 0.99,
        "inlier_avg_reproj_error_gt_model": 0.85,
        "outlier_avg_reproj_error_gt_model": 22.15,
        "inlier_ratio_est_model": 1.0,
        "num_inliers_est_model": 2928
    },
    {
        "i1": 3,
        "i2": 10,
        "i1_filename": "DSC_0004.JPG",
        "i2_filename": "DSC_0011.JPG",
        "rotation_angular_error": 0.36,
        "translation_angular_error": 0.2,
        "num_inliers_gt_model": 2770,
        "inlier_ratio_gt_model": 0.99,
        "inlier_avg_reproj_error_gt_model": 0.89,
        "outlier_avg_reproj_error_gt_model": 21.25,
        "inlier_ratio_est_model": 1.0,
        "num_inliers_est_model": 2791
    },
    {
        "i1": 3,
        "i2": 11,
        "i1_filename": "DSC_0004.JPG",
        "i2_filename": "DSC_0012.JPG",
        "rotation_angular_error": 0.12,
        "translation_angular_error": 0.14,
        "num_inliers_gt_model": 2699,
        "inlier_ratio_gt_model": 0.99,
        "inlier_avg_reproj_error_gt_model": 1.05,
        "outlier_avg_reproj_error_gt_model": 23.39,
        "inlier_ratio_est_model": 1.0,
        "num_inliers_est_model": 2724
    },
    {
        "i1": 4,
        "i2": 5,
        "i1_filename": "DSC_0005.JPG",
        "i2_filename": "DSC_0006.JPG",
        "rotation_angular_error": 0.16,
        "translation_angular_error": 1.54,
        "num_inliers_gt_model": 3731,
        "inlier_ratio_gt_model": 1.0,
        "inlier_avg_reproj_error_gt_model": 0.43,
        "outlier_avg_reproj_error_gt_model": 23.2,
        "inlier_ratio_est_model": 1.0,
        "num_inliers_est_model": 3747
    },
    {
        "i1": 4,
        "i2": 6,
        "i1_filename": "DSC_0005.JPG",
        "i2_filename": "DSC_0007.JPG",
        "rotation_angular_error": 0.15,
        "translation_angular_error": 0.87,
        "num_inliers_gt_model": 3629,
        "inlier_ratio_gt_model": 1.0,
        "inlier_avg_reproj_error_gt_model": 0.47,
        "outlier_avg_reproj_error_gt_model": 22.48,
        "inlier_ratio_est_model": 1.0,
        "num_inliers_est_model": 3643
    },
    {
        "i1": 4,
        "i2": 7,
        "i1_filename": "DSC_0005.JPG",
        "i2_filename": "DSC_0008.JPG",
        "rotation_angular_error": 0.15,
        "translation_angular_error": 0.74,
        "num_inliers_gt_model": 3423,
        "inlier_ratio_gt_model": 1.0,
        "inlier_avg_reproj_error_gt_model": 0.55,
        "outlier_avg_reproj_error_gt_model": 19.12,
        "inlier_ratio_est_model": 1.0,
        "num_inliers_est_model": 3434
    },
    {
        "i1": 4,
        "i2": 8,
        "i1_filename": "DSC_0005.JPG",
        "i2_filename": "DSC_0009.JPG",
        "rotation_angular_error": 0.13,
        "translation_angular_error": 0.44,
        "num_inliers_gt_model": 3262,
        "inlier_ratio_gt_model": 0.99,
        "inlier_avg_reproj_error_gt_model": 0.66,
        "outlier_avg_reproj_error_gt_model": 22.45,
        "inlier_ratio_est_model": 1.0,
        "num_inliers_est_model": 3282
    },
    {
        "i1": 4,
        "i2": 9,
        "i1_filename": "DSC_0005.JPG",
        "i2_filename": "DSC_0010.JPG",
        "rotation_angular_error": 0.08,
        "translation_angular_error": 0.24,
        "num_inliers_gt_model": 3108,
        "inlier_ratio_gt_model": 0.99,
        "inlier_avg_reproj_error_gt_model": 0.66,
        "outlier_avg_reproj_error_gt_model": 20.99,
        "inlier_ratio_est_model": 1.0,
        "num_inliers_est_model": 3124
    },
    {
        "i1": 4,
        "i2": 10,
        "i1_filename": "DSC_0005.JPG",
        "i2_filename": "DSC_0011.JPG",
        "rotation_angular_error": 0.07,
        "translation_angular_error": 0.13,
        "num_inliers_gt_model": 3051,
        "inlier_ratio_gt_model": 0.99,
        "inlier_avg_reproj_error_gt_model": 0.76,
        "outlier_avg_reproj_error_gt_model": 21.45,
        "inlier_ratio_est_model": 1.0,
        "num_inliers_est_model": 3074
    },
    {
        "i1": 4,
        "i2": 11,
        "i1_filename": "DSC_0005.JPG",
        "i2_filename": "DSC_0012.JPG",
        "rotation_angular_error": 0.07,
        "translation_angular_error": 0.17,
        "num_inliers_gt_model": 2848,
        "inlier_ratio_gt_model": 0.99,
        "inlier_avg_reproj_error_gt_model": 0.81,
        "outlier_avg_reproj_error_gt_model": 22.79,
        "inlier_ratio_est_model": 1.0,
        "num_inliers_est_model": 2867
    },
    {
        "i1": 5,
        "i2": 6,
        "i1_filename": "DSC_0006.JPG",
        "i2_filename": "DSC_0007.JPG",
        "rotation_angular_error": 0.13,
        "translation_angular_error": 0.4,
        "num_inliers_gt_model": 3827,
        "inlier_ratio_gt_model": 0.99,
        "inlier_avg_reproj_error_gt_model": 0.44,
        "outlier_avg_reproj_error_gt_model": 21.97,
        "inlier_ratio_est_model": 1.0,
        "num_inliers_est_model": 3848
    },
    {
        "i1": 5,
        "i2": 7,
        "i1_filename": "DSC_0006.JPG",
        "i2_filename": "DSC_0008.JPG",
        "rotation_angular_error": 0.03,
        "translation_angular_error": 0.03,
        "num_inliers_gt_model": 3622,
        "inlier_ratio_gt_model": 1.0,
        "inlier_avg_reproj_error_gt_model": 0.49,
        "outlier_avg_reproj_error_gt_model": 22.28,
        "inlier_ratio_est_model": 1.0,
        "num_inliers_est_model": 3637
    },
    {
        "i1": 5,
        "i2": 8,
        "i1_filename": "DSC_0006.JPG",
        "i2_filename": "DSC_0009.JPG",
        "rotation_angular_error": 0.16,
        "translation_angular_error": 0.26,
        "num_inliers_gt_model": 3446,
        "inlier_ratio_gt_model": 1.0,
        "inlier_avg_reproj_error_gt_model": 0.6,
        "outlier_avg_reproj_error_gt_model": 20.14,
        "inlier_ratio_est_model": 1.0,
        "num_inliers_est_model": 3458
    },
    {
        "i1": 5,
        "i2": 9,
        "i1_filename": "DSC_0006.JPG",
        "i2_filename": "DSC_0010.JPG",
        "rotation_angular_error": 0.16,
        "translation_angular_error": 0.34,
        "num_inliers_gt_model": 3258,
        "inlier_ratio_gt_model": 0.99,
        "inlier_avg_reproj_error_gt_model": 0.59,
        "outlier_avg_reproj_error_gt_model": 23.14,
        "inlier_ratio_est_model": 1.0,
        "num_inliers_est_model": 3277
    },
    {
        "i1": 5,
        "i2": 10,
        "i1_filename": "DSC_0006.JPG",
        "i2_filename": "DSC_0011.JPG",
        "rotation_angular_error": 0.14,
        "translation_angular_error": 0.27,
        "num_inliers_gt_model": 3378,
        "inlier_ratio_gt_model": 0.99,
        "inlier_avg_reproj_error_gt_model": 0.83,
        "outlier_avg_reproj_error_gt_model": 23.21,
        "inlier_ratio_est_model": 1.0,
        "num_inliers_est_model": 3428
    },
    {
        "i1": 5,
        "i2": 11,
        "i1_filename": "DSC_0006.JPG",
        "i2_filename": "DSC_0012.JPG",
        "rotation_angular_error": 0.09,
        "translation_angular_error": 0.17,
        "num_inliers_gt_model": 3018,
        "inlier_ratio_gt_model": 0.99,
        "inlier_avg_reproj_error_gt_model": 0.77,
        "outlier_avg_reproj_error_gt_model": 21.67,
        "inlier_ratio_est_model": 1.0,
        "num_inliers_est_model": 3044
    },
    {
        "i1": 6,
        "i2": 7,
        "i1_filename": "DSC_0007.JPG",
        "i2_filename": "DSC_0008.JPG",
        "rotation_angular_error": 0.04,
        "translation_angular_error": 0.31,
        "num_inliers_gt_model": 3787,
        "inlier_ratio_gt_model": 1.0,
        "inlier_avg_reproj_error_gt_model": 0.47,
        "outlier_avg_reproj_error_gt_model": 22.52,
        "inlier_ratio_est_model": 1.0,
        "num_inliers_est_model": 3801
    },
    {
        "i1": 6,
        "i2": 8,
        "i1_filename": "DSC_0007.JPG",
        "i2_filename": "DSC_0009.JPG",
        "rotation_angular_error": 0.08,
        "translation_angular_error": 0.03,
        "num_inliers_gt_model": 3663,
        "inlier_ratio_gt_model": 0.99,
        "inlier_avg_reproj_error_gt_model": 0.55,
        "outlier_avg_reproj_error_gt_model": 21.47,
        "inlier_ratio_est_model": 1.0,
        "num_inliers_est_model": 3682
    },
    {
        "i1": 6,
        "i2": 9,
        "i1_filename": "DSC_0007.JPG",
        "i2_filename": "DSC_0010.JPG",
        "rotation_angular_error": 0.15,
        "translation_angular_error": 0.23,
        "num_inliers_gt_model": 3492,
        "inlier_ratio_gt_model": 1.0,
        "inlier_avg_reproj_error_gt_model": 0.56,
        "outlier_avg_reproj_error_gt_model": 21.68,
        "inlier_ratio_est_model": 1.0,
        "num_inliers_est_model": 3507
    },
    {
        "i1": 6,
        "i2": 10,
        "i1_filename": "DSC_0007.JPG",
        "i2_filename": "DSC_0011.JPG",
        "rotation_angular_error": 0.02,
        "translation_angular_error": 0.09,
        "num_inliers_gt_model": 3415,
        "inlier_ratio_gt_model": 0.99,
        "inlier_avg_reproj_error_gt_model": 0.6,
        "outlier_avg_reproj_error_gt_model": 22.13,
        "inlier_ratio_est_model": 1.0,
        "num_inliers_est_model": 3436
    },
    {
        "i1": 6,
        "i2": 11,
        "i1_filename": "DSC_0007.JPG",
        "i2_filename": "DSC_0012.JPG",
        "rotation_angular_error": 0.03,
        "translation_angular_error": 0.02,
        "num_inliers_gt_model": 3226,
        "inlier_ratio_gt_model": 0.99,
        "inlier_avg_reproj_error_gt_model": 0.66,
        "outlier_avg_reproj_error_gt_model": 21.12,
        "inlier_ratio_est_model": 1.0,
        "num_inliers_est_model": 3245
    },
    {
        "i1": 7,
        "i2": 8,
        "i1_filename": "DSC_0008.JPG",
        "i2_filename": "DSC_0009.JPG",
        "rotation_angular_error": 0.34,
        "translation_angular_error": 0.66,
        "num_inliers_gt_model": 3748,
        "inlier_ratio_gt_model": 1.0,
        "inlier_avg_reproj_error_gt_model": 0.46,
        "outlier_avg_reproj_error_gt_model": 24.95,
        "inlier_ratio_est_model": 1.0,
        "num_inliers_est_model": 3761
    },
    {
        "i1": 7,
        "i2": 9,
        "i1_filename": "DSC_0008.JPG",
        "i2_filename": "DSC_0010.JPG",
        "rotation_angular_error": 0.1,
        "translation_angular_error": 0.59,
        "num_inliers_gt_model": 3606,
        "inlier_ratio_gt_model": 1.0,
        "inlier_avg_reproj_error_gt_model": 0.48,
        "outlier_avg_reproj_error_gt_model": 20.99,
        "inlier_ratio_est_model": 1.0,
        "num_inliers_est_model": 3615
    },
    {
        "i1": 7,
        "i2": 10,
        "i1_filename": "DSC_0008.JPG",
        "i2_filename": "DSC_0011.JPG",
        "rotation_angular_error": 0.16,
        "translation_angular_error": 0.21,
        "num_inliers_gt_model": 3556,
        "inlier_ratio_gt_model": 1.0,
        "inlier_avg_reproj_error_gt_model": 0.53,
        "outlier_avg_reproj_error_gt_model": 25.36,
        "inlier_ratio_est_model": 1.0,
        "num_inliers_est_model": 3572
    },
    {
        "i1": 7,
        "i2": 11,
        "i1_filename": "DSC_0008.JPG",
        "i2_filename": "DSC_0012.JPG",
        "rotation_angular_error": 0.7,
        "translation_angular_error": 2.71,
        "num_inliers_gt_model": 3316,
        "inlier_ratio_gt_model": 1.0,
        "inlier_avg_reproj_error_gt_model": 0.6,
        "outlier_avg_reproj_error_gt_model": 21.23,
        "inlier_ratio_est_model": 1.0,
        "num_inliers_est_model": 3330
    },
    {
        "i1": 8,
        "i2": 9,
        "i1_filename": "DSC_0009.JPG",
        "i2_filename": "DSC_0010.JPG",
        "rotation_angular_error": 0.1,
        "translation_angular_error": 0.4,
        "num_inliers_gt_model": 3804,
        "inlier_ratio_gt_model": 1.0,
        "inlier_avg_reproj_error_gt_model": 0.48,
        "outlier_avg_reproj_error_gt_model": 21.59,
        "inlier_ratio_est_model": 1.0,
        "num_inliers_est_model": 3817
    },
    {
        "i1": 8,
        "i2": 10,
        "i1_filename": "DSC_0009.JPG",
        "i2_filename": "DSC_0011.JPG",
        "rotation_angular_error": 0.17,
        "translation_angular_error": 0.82,
        "num_inliers_gt_model": 3665,
        "inlier_ratio_gt_model": 1.0,
        "inlier_avg_reproj_error_gt_model": 0.51,
        "outlier_avg_reproj_error_gt_model": 23.15,
        "inlier_ratio_est_model": 1.0,
        "num_inliers_est_model": 3678
    },
    {
        "i1": 8,
        "i2": 11,
        "i1_filename": "DSC_0009.JPG",
        "i2_filename": "DSC_0012.JPG",
        "rotation_angular_error": 0.09,
        "translation_angular_error": 0.52,
        "num_inliers_gt_model": 3519,
        "inlier_ratio_gt_model": 1.0,
        "inlier_avg_reproj_error_gt_model": 0.51,
        "outlier_avg_reproj_error_gt_model": 22.79,
        "inlier_ratio_est_model": 1.0,
        "num_inliers_est_model": 3535
    },
    {
        "i1": 9,
        "i2": 10,
        "i1_filename": "DSC_0010.JPG",
        "i2_filename": "DSC_0011.JPG",
        "rotation_angular_error": 0.15,
        "translation_angular_error": 0.33,
        "num_inliers_gt_model": 3784,
        "inlier_ratio_gt_model": 1.0,
        "inlier_avg_reproj_error_gt_model": 0.45,
        "outlier_avg_reproj_error_gt_model": 25.02,
        "inlier_ratio_est_model": 1.0,
        "num_inliers_est_model": 3797
    },
    {
        "i1": 9,
        "i2": 11,
        "i1_filename": "DSC_0010.JPG",
        "i2_filename": "DSC_0012.JPG",
        "rotation_angular_error": 0.11,
        "translation_angular_error": 1.17,
        "num_inliers_gt_model": 3632,
        "inlier_ratio_gt_model": 1.0,
        "inlier_avg_reproj_error_gt_model": 0.48,
        "outlier_avg_reproj_error_gt_model": 22.94,
        "inlier_ratio_est_model": 1.0,
        "num_inliers_est_model": 3640
    },
    {
        "i1": 10,
        "i2": 11,
        "i1_filename": "DSC_0011.JPG",
        "i2_filename": "DSC_0012.JPG",
        "rotation_angular_error": 0.08,
        "translation_angular_error": 0.32,
        "num_inliers_gt_model": 3776,
        "inlier_ratio_gt_model": 1.0,
        "inlier_avg_reproj_error_gt_model": 0.45,
        "outlier_avg_reproj_error_gt_model": 21.76,
        "inlier_ratio_est_model": 1.0,
        "num_inliers_est_model": 3784
    }
]